,Acc_x,Topple_rate,Roll_rate,Acc_y,Accident,Airbag,Composite_Score
0,128.5333455,13.7654337,41.48297882,11.25717519,1,1,0.533880573
1,10.74649291,19.3252474,27.00004126,11.08100373,0,0,0.193401951
2,68.85722488,16.35282994,41.79687195,12.83689009,0,0,0.445422719
3,43.26099582,4.795047859,16.01246329,17.34316177,0,0,0.284976758
4,85.75563275,18.37226341,9.304256619,19.91353004,0,0,0.434852952
5,55.11723205,17.46615959,57.31214702,16.03033443,0,0,0.463484958
6,22.04353719,14.22897611,24.05164147,17.34795737,0,0,0.277146827
7,15.43092119,20.49361173,59.76484238,20.27133864,1,1,0.308788345
8,0.068769067,23.22443542,26.61688036,10.41585766,1,0,0.025712757
9,100.8469332,21.53582842,41.63635086,13.2759793,1,0,0.546533739
10,25.72562927,16.25531649,43.69535051,13.71006126,0,0,0.308511782
11,11.99232086,17.32898408,30.37254508,14.87469099,0,0,0.22200192
12,9.008009493,10.07428373,28.89206838,14.69791173,0,0,0.17992872
13,27.28910081,16.49062898,36.42654262,18.87603379,0,0,0.339293027
14,108.6675041,19.43238643,37.5254385,22.77653777,1,1,0.643579842
15,4.981649889,6.369572536,27.27245213,10.17615337,0,0,0.116709232
16,23.08385401,14.82420604,32.0565335,8.698786137,0,0,0.240408122
17,46.8824929,8.313456113,30.00101526,19.49193845,0,0,0.370699274
18,46.35126973,13.80241356,43.49944984,19.39490676,0,0,0.423351987
19,58.64190289,9.321488086,48.61586357,16.9393699,0,0,0.427309287
20,14.13257977,10.59372311,34.24581644,15.25847073,0,0,0.225855664
21,39.46546164,12.99245015,53.02631674,22.95697668,1,1,0.427332028
22,88.54660448,11.27489026,39.61888109,8.206248429,0,1,0.400901291
23,6.440377321,7.716784729,51.64341485,17.54337774,0,0,0.174970744
24,42.91424319,13.82775562,32.00219444,14.26989409,0,0,0.355568603
25,41.18664197,18.81418481,44.51112844,10.41239142,0,0,0.350663916
26,70.19936239,18.4804834,52.51682112,11.88090838,0,0,0.463001863
27,48.72693484,16.62155023,41.64767622,15.12015859,0,0,0.408814572
28,26.20194042,13.06693401,34.75356511,17.12245673,0,0,0.310204016
29,24.70283786,8.985404433,58.32553855,17.3075905,0,1,0.311463052
30,5.473715023,22.49370893,41.81764588,14.82394648,1,1,0.17759981
31,38.53575033,7.725986618,46.51583425,21.50050722,1,0,0.374741091
32,3.480465812,14.7313448,27.59840158,13.04769031,0,0,0.124777977
33,22.06511225,11.11507688,71.6815038,15.00215769,1,1,0.304129777
34,31.30920177,14.97751301,33.93438755,10.74208312,0,0,0.293320567
35,22.41652214,18.50237919,24.48548681,5.691439895,0,0,0.205341804
36,23.8351637,18.98857319,24.96164064,17.68974264,0,0,0.302573407
37,19.71848071,17.42703987,24.17690604,20.59709069,1,1,0.288487241
38,56.67002128,8.564251698,34.6605359,15.30344091,0,0,0.38186821
39,24.74504634,9.047426601,32.23305715,21.30472168,1,1,0.302482516
40,34.84943325,8.998350271,32.00409696,14.83119813,0,0,0.309725911
41,36.64379046,28.20124782,18.83055069,15.22458945,1,1,0.347370119
42,35.51419534,12.2086543,37.29945085,23.63962047,1,1,0.387077068
43,15.38626376,18.40473938,34.8635822,8.234964864,0,0,0.210531267
44,11.86836017,7.155371287,53.01086923,9.234524014,0,0,0.181666895
45,59.9850147,24.74137256,46.48026834,14.66216651,1,0,0.475899714
46,79.35853404,8.192218069,56.68204187,14.73095496,0,1,0.463807671
47,93.63050593,21.44554416,30.93597999,10.01460748,1,1,0.462863771
48,49.42160794,6.8301612,34.68928935,25.91719152,1,1,0.410044341
49,85.31973857,15.33068786,28.85303909,14.41322039,0,0,0.468988235
50,18.49830021,17.23346036,54.42912072,19.27227314,0,0,0.313712727
51,38.13877265,10.45788359,28.10798824,24.52350429,1,1,0.375468939
52,11.39635695,8.85554853,28.30946635,8.846779421,0,0,0.16484174
53,30.72553786,6.44746605,18.10590258,21.66052749,1,1,0.285167955
54,111.472273,20.01955329,57.72553983,15.91810919,1,1,0.626625472
55,3.090366007,23.68669278,46.73603485,14.39136706,1,1,0.143636789
56,5.997766281,15.06625567,20.40517502,17.95226793,0,0,0.16324225
57,1.986108371,19.81018137,29.32560542,13.981945,0,0,0.107656513
58,13.80345731,11.42064415,44.195214,23.83528605,1,1,0.270421641
59,26.17305058,21.74565545,46.08886727,21.53181193,1,1,0.376345817
60,16.03430974,12.74973011,47.34123008,15.13503685,0,0,0.256864234
61,20.20118028,12.1024963,27.88971981,12.13722681,0,1,0.23960335
62,19.93936054,16.19622351,53.68002304,10.74732728,0,1,0.266735292
63,28.04228691,22.73593991,42.18845065,8.479730039,1,1,0.287714235
64,4.186563824,19.78695197,44.9078074,11.59751327,0,0,0.146646215
65,41.78384938,13.85962204,43.4137198,12.39264743,0,0,0.353861098
66,20.52745127,12.27567628,38.61387541,18.99204147,0,0,0.29259256
67,56.23960463,17.87346438,55.24263696,12.78083694,0,0,0.434665713
68,21.7459869,15.12009663,48.44888221,11.49543615,0,0,0.274556118
69,67.38078749,24.64197172,31.48283853,21.1647715,1,1,0.523832944
70,98.26444835,7.601489218,28.44358752,14.70175087,0,0,0.446649666
71,1.64556746,12.25713774,28.41664981,23.64629197,1,1,0.10842766
72,53.53351663,13.71460937,36.25031262,4.817848827,0,0,0.280647529
73,18.50169883,10.88502805,12.34941312,17.83941636,0,0,0.22214352
74,3.164024977,13.53349808,47.29652484,12.65406633,0,0,0.128125148
75,0.29144403,13.52086961,44.5125431,20.97182816,1,1,0.057062889
76,2.018440383,13.80305006,42.18215425,9.880015275,0,0,0.097596318
77,72.31977652,12.90911536,22.36999657,11.04714073,0,0,0.37724035
78,4.241743546,25.15387844,32.38218723,10.48498376,1,1,0.140577969
79,57.63116389,25.93676273,49.07082627,16.35184823,1,1,0.492065089
80,87.38357342,18.92294674,43.44266352,12.66942217,0,0,0.50210051
81,10.69177727,11.52097853,40.60667276,10.386949,0,0,0.186685809
82,26.4298754,13.29341486,37.97312961,10.91985003,0,0,0.275456434
83,4.073428459,10.79099003,47.42008707,20.55742853,1,1,0.159003918
84,18.18353927,26.35519826,36.31959732,15.30984624,1,1,0.290386702
85,51.80447008,17.40872729,53.96153725,16.89819815,0,0,0.454966401
86,75.14194006,22.67636743,48.0903777,14.31436649,1,1,0.512873802
87,106.9075075,12.91695816,21.69356512,16.32191274,1,1,0.495212796
88,55.49942058,18.29038688,57.05631321,18.89584421,0,0,0.491986317
89,43.4664878,10.46279666,37.39974459,21.35677771,1,1,0.397382981
90,12.58925077,7.122746908,41.16930206,15.89657849,0,0,0.211392797
91,11.04963734,17.92003003,37.6507892,15.63088792,0,0,0.227076656
92,1.402687091,16.72132089,34.91509898,17.01270233,0,0,0.099764374
93,76.67541647,9.24265938,22.70881348,14.37406977,0,0,0.398866003
94,37.4981365,11.85466149,25.49649097,5.805218919,0,0,0.238684554
95,144.8155465,15.90892176,18.21505592,14.34355081,1,0,0.538317191
96,4.856604676,18.77296623,33.30140835,24.1152797,1,1,0.184314418
97,14.75548206,10.51306651,43.98659878,18.84276454,0,0,0.25496281
98,19.48627374,12.06367108,49.56141399,28.04781358,1,0,0.335029162
99,54.49419736,17.41330064,24.02668275,10.83802693,0,0,0.354899383
100,14.18766403,15.18982325,47.63691315,6.657442072,0,0,0.194446189
101,35.48125429,9.347626721,33.44589461,11.93963809,0,0,0.295549531
102,93.34181223,11.97265134,48.85627447,8.337322664,0,0,0.429465265
103,11.26905572,10.24824874,41.21876203,11.18515319,0,0,0.192055306
104,71.71072113,7.115386501,54.65795522,15.60122689,0,0,0.440847013
105,29.37647326,11.01755374,24.95279779,19.41621025,0,1,0.311258441
106,16.92377997,15.3640668,50.03638674,7.132048294,0,0,0.215342426
107,29.09017123,18.97985347,46.1958808,17.50988498,0,0,0.361030954
108,59.71234584,23.65580514,32.53746725,19.17093298,1,1,0.483808938
109,69.08525251,19.50360294,16.70597453,8.323125665,0,0,0.343267216
110,28.23212526,22.59852393,31.10471841,13.67425669,1,1,0.318513389
111,62.1050768,9.949196151,17.97686652,15.22668358,0,0,0.362620398
112,2.228807483,19.98757974,34.35940805,14.83753278,0,0,0.117998946
113,12.37373348,22.87015408,44.77119103,12.86908983,1,0,0.23876495
114,40.39166082,8.483173173,26.64352899,17.11665514,0,0,0.330116797
115,29.06016748,3.653640725,40.44824889,7.680359246,0,0,0.210669491
116,32.75045003,17.44860102,42.83761324,20.09519039,1,1,0.385183947
117,50.78423947,12.86847275,23.25992053,20.36622581,1,1,0.398000331
118,35.0318293,14.50568795,18.56120912,15.5125639,0,0,0.309214182
119,106.1545824,13.3724011,26.71485868,7.199752271,1,1,0.398156968
120,19.44204868,14.98424685,50.79721975,16.90950075,0,0,0.297626814
121,11.32389814,10.60463289,34.95012885,8.615324754,0,0,0.173585032
122,43.56169837,14.66525938,24.12509207,21.5605391,1,1,0.39105126
123,42.05976812,13.485757,37.96449523,16.80135168,0,0,0.379882556
124,10.70993344,18.33461073,30.84851,12.29288618,0,0,0.202273124
125,11.954384,10.31431669,41.71794066,12.78405067,0,0,0.205585408
126,76.82971354,19.08126185,34.68665706,15.26261633,0,0,0.487840761
127,45.61044419,13.48711643,31.58659014,10.61950858,0,0,0.330414036
128,11.76380659,13.66469598,51.32991068,24.23666779,1,1,0.2684341
129,8.393980703,10.47504883,47.16809911,15.08285096,0,0,0.192008709
130,59.3833083,19.71316025,44.11984506,17.94313013,0,0,0.483185726
131,63.29679792,5.450742934,31.55943918,10.98219683,0,0,0.330121084
132,20.48144022,20.23040636,17.26039151,16.5613583,1,0,0.264473641
133,51.06348206,13.53258749,49.81478006,5.787731967,0,0,0.306957318
134,47.13191876,12.78367709,18.53685194,8.414870883,0,0,0.282143594
135,44.58541328,16.66262702,49.36417738,13.41512886,0,0,0.390795034
136,48.95413119,15.68290182,36.69548773,19.42821774,0,0,0.429639239
137,29.86010922,2.905969798,34.97419007,17.11615137,0,0,0.256903931
138,94.72839597,11.25578654,41.01094048,20.71083394,1,1,0.551847349
139,74.44720953,16.54629741,28.80888041,16.18650395,0,0,0.465590755
140,116.1185541,11.5419838,18.50087848,9.506063315,1,1,0.413767945
141,0.696142598,17.60948757,45.64782439,14.2372043,0,1,0.075072094
142,84.01395807,13.52123445,16.01866992,15.5538359,0,0,0.423216939
143,36.66032662,21.00153011,52.25454304,16.78962344,1,1,0.404867101
144,13.99111864,8.347263077,25.27063915,21.8569688,1,1,0.230203335
145,28.70605844,17.64090902,46.07472253,22.81025786,1,1,0.384929353
146,56.54793804,13.28351834,42.2799459,17.96075735,0,0,0.443064579
147,65.37179884,15.7471698,23.15329862,10.35820354,0,0,0.368269591
148,7.155179852,11.66667484,40.5915339,14.62060197,0,0,0.177120489
149,25.50291046,11.3766997,66.97246451,10.53183774,1,1,0.286742926
150,15.50363971,16.55434634,36.75908962,25.53578216,1,1,0.297428294
151,50.33995956,12.68846812,55.58269057,20.94125825,1,1,0.459696846
152,55.22681185,17.38734674,38.05954225,13.00457653,0,0,0.407152868
153,61.54058664,14.88485321,45.06885067,10.16299804,0,0,0.395015333
154,24.37963808,15.09985317,23.33106795,18.43808693,0,1,0.295177605
155,52.50143871,12.45146243,36.82995987,21.21598102,1,1,0.43830881
156,31.96308058,16.48538555,34.21043849,19.75412037,0,0,0.362792764
157,0.019164477,15.796763,30.01011713,18.4506021,0,0,0.017538544
158,1.875741582,10.64419087,50.83276568,17.70078763,0,0,0.112354232
159,54.73202226,9.377437913,45.00061114,4.903288804,0,0,0.27794655
160,5.483906039,20.56075502,49.41838365,25.29212924,1,1,0.21208548
161,4.62447032,17.63869172,31.10571682,12.99685987,0,0,0.146404743
162,26.20131929,19.89428917,23.53911744,11.2375061,0,0,0.272363105
163,12.20315847,16.04522015,40.02805099,14.8037881,0,0,0.23070371
164,42.80074752,14.96096796,28.94012669,20.62845302,1,1,0.396081724
165,35.10619805,13.54902101,38.76079446,6.14756638,0,1,0.258905054
166,3.573390978,23.16063623,47.09671115,12.94928375,1,1,0.147011317
167,78.23191488,28.38461509,52.71750534,18.82562873,1,1,0.59538097
168,59.98740038,12.76810006,32.71815656,16.18370745,0,0,0.418979154
169,40.16536197,13.71516492,41.0462265,15.87326374,0,0,0.372064826
170,6.287304467,8.233197737,35.01207928,19.88732361,0,0,0.17097885
171,47.30002437,17.48304773,35.09609682,15.44421276,0,0,0.398660559
172,32.06322059,13.07847183,36.11770718,17.38016252,0,0,0.339999654
173,3.990333357,14.96890681,47.93725436,20.81249886,1,1,0.166793675
174,39.82112882,14.88636034,49.52429963,16.84394729,0,0,0.394024212
175,13.57068137,22.97837804,42.9886555,22.34954238,1,1,0.291922536
176,74.3231511,18.69091821,37.65370939,16.38223059,0,0,0.497024687
177,8.277982606,18.78397993,28.46842185,10.31661804,0,0,0.171139311
178,12.82131079,8.630787424,29.74762754,18.64703647,0,0,0.218689907
179,19.98977142,12.27430216,34.27413555,14.0544216,0,0,0.258832145
180,48.50558364,11.41210405,35.1850917,10.79525595,0,0,0.337581866
181,0.676274886,8.35326051,45.32596865,21.52523419,1,1,0.074985571
182,63.39183633,11.50859489,51.79127575,13.17174099,0,0,0.4257371
183,40.75632047,8.01150423,49.39128165,11.47273487,0,0,0.320602493
184,85.12147499,19.49526792,36.53394956,12.18417898,0,0,0.479596039
185,15.14027803,11.19635445,35.73288014,14.45450535,0,0,0.231880096
186,28.73908445,16.35366889,29.82283342,19.24457862,0,0,0.336851324
187,51.86750475,23.67165628,32.31907224,12.37029798,1,1,0.399107062
188,119.4479627,10.70815264,25.77697273,18.85746643,1,1,0.54118268
189,10.9760332,19.95273713,36.97899176,17.12093993,0,0,0.236083059
190,45.11076819,19.93683553,18.58792878,14.03725179,0,0,0.348400998
191,24.46613606,16.03177621,51.76185543,13.92221526,0,0,0.311434842
192,90.75049853,12.03980225,31.93171391,12.26051027,0,0,0.44787863
193,11.24224054,5.343479681,25.53228551,18.39168491,0,1,0.186680303
194,74.82228552,25.31417789,53.03460836,18.88305622,1,1,0.575847525
195,52.59859925,13.22904377,34.64007206,17.3540591,0,1,0.412188551
196,17.09351223,8.216781306,29.49912798,12.98255398,0,0,0.217448766
197,0.711962523,15.85782998,41.039776,18.93256071,0,1,0.080008595
198,55.00323764,3.356967257,27.97864212,11.03398884,0,0,0.282937141
199,11.72334777,18.47354014,49.89925343,16.58415196,0,0,0.248840447
200,55.48058756,17.74340911,27.79793431,21.14514368,1,1,0.451474842
201,46.50731164,14.73784987,33.09816278,17.44094973,0,0,0.396639979
202,41.42146883,13.48435469,47.73842364,14.56157313,0,0,0.374741074
203,9.443696761,8.802945903,16.4616556,18.03484333,0,0,0.173703235
204,4.404522166,15.08366136,53.18021358,23.31573484,1,1,0.182835686
205,29.38379056,12.92290152,36.55910813,13.63853674,0,0,0.304718907
206,59.9553641,11.17394254,62.22792355,16.70484389,1,1,0.459056086
207,25.8702173,11.35717287,24.52109927,11.88654166,0,0,0.254715972
208,26.87142179,11.18077262,3.456382516,13.31766862,0,0,0.16422762
209,37.4896514,13.94326695,52.38470838,18.18769324,0,1,0.393337051
210,24.6965068,16.45242422,46.05027395,8.728143274,0,0,0.266329905
211,68.10888361,19.12458139,31.22170397,14.71185662,0,0,0.451988591
212,45.09349436,14.02349075,11.25338554,11.29176799,0,0,0.281342107
213,41.06596976,9.146201853,42.72500832,19.40722844,0,0,0.377377542
214,17.91438878,8.591063164,34.16420985,15.32124181,0,0,0.240547595
215,32.11077732,15.32144052,49.25176799,10.3880069,0,0,0.312343881
216,73.51277402,16.16059736,27.4782121,5.444731367,0,0,0.325010544
217,26.39803625,13.74818178,39.21683449,17.87079184,0,0,0.323985984
218,28.35338892,10.05508686,14.36844021,5.415204217,0,0,0.184077214
219,85.71759627,6.550360636,44.55144437,3.256922597,0,0,0.273570361
220,63.77856032,15.18715615,47.19197985,9.45218661,0,0,0.395797452
221,50.72960179,21.54033603,40.74043144,19.57155036,1,1,0.466314049
222,23.26718969,22.44882797,33.01742933,15.64256923,1,1,0.309995188
223,92.90041903,20.90989507,45.79654119,8.70788985,1,1,0.468614055
224,63.06318167,12.39405447,45.3401951,14.6985735,0,0,0.435307493
225,60.21831004,16.77934995,35.32448157,7.678688404,0,0,0.351166248
226,80.22448948,12.7190633,26.15919362,13.40578186,0,0,0.427738429
227,31.96173951,26.75246756,39.8285786,23.13800962,1,1,0.420179823
228,55.92916301,15.72529833,58.86069278,22.26162623,1,1,0.509511106
229,3.17077084,17.41469446,41.19129234,21.57724959,1,1,0.153683445
230,78.31637174,16.45239921,58.9828545,15.57443978,0,1,0.526233038
231,61.27774345,10.23939255,20.42389128,16.39888,0,0,0.378978249
232,6.89406719,15.02984025,30.02351692,20.39040415,1,1,0.191412769
233,34.95227541,15.46950934,35.95946752,20.67727746,1,1,0.380655668
234,19.63041986,7.471269817,4.092661749,19.26676008,0,0,0.165663885
235,41.37570093,19.73313264,38.41308752,8.222866993,0,0,0.320918252
236,48.7033639,16.19302094,35.87498943,20.39994989,1,1,0.435767628
237,47.3673872,22.5100648,40.19915885,16.98768378,1,1,0.43638733
238,96.28645678,12.39859921,31.66956278,18.47008221,0,0,0.522106195
239,9.922809602,13.40068366,43.11271112,16.46833341,0,0,0.21602458
240,34.49736473,24.75129848,46.76770549,13.21157529,1,1,0.369717594
241,74.02174687,7.43927098,57.6079003,11.62576863,0,0,0.413897317
242,8.993252198,19.35489426,21.55829008,10.70068694,0,0,0.17157254
243,45.91718954,25.34000425,47.7467704,11.16502566,1,1,0.396112887
244,20.20261829,20.62259971,53.29815806,13.92700361,1,1,0.301232665
245,15.83610694,19.21252511,41.24903779,23.46219134,1,1,0.304646311
246,14.15722263,16.78355061,18.33788997,13.47921382,0,0,0.210293825
247,4.947829066,8.214714303,38.06934242,9.05745545,0,0,0.123361765
248,119.9565668,20.70654377,57.9298334,18.5852626,1,1,0.680639082
249,27.27284432,18.32452868,59.181372,14.78877665,0,0,0.345457924
250,38.57519828,12.07453662,32.16690462,11.70369473,0,0,0.314037809
251,4.158215394,15.45028971,27.92080961,23.64900317,1,1,0.162356345
252,62.05088458,12.34231794,48.29714738,15.27212435,0,1,0.441766238
253,3.25706785,16.95575941,26.49932549,17.88518483,0,0,0.135929175
254,43.90051944,14.58385213,35.66841087,12.12750235,0,0,0.350104242
255,6.399849099,12.89880808,39.39232807,8.79723007,0,0,0.146148779
256,56.38020081,1.03697882,34.59362342,5.312995643,0,0,0.187236474
257,47.31473028,12.11975119,33.39701729,12.97505088,0,0,0.354219169
258,29.48223529,24.86889024,44.38528988,12.18895968,1,1,0.336067602
259,12.81999013,15.23330092,24.41231821,22.32237717,1,1,0.244205598
260,15.74895611,14.15289287,34.39485318,12.52699765,0,0,0.232226611
261,55.58711861,16.47079828,28.5348236,17.37672163,0,0,0.422420605
262,55.92637441,15.68100262,42.43851504,15.81138405,0,0,0.435385087
263,96.57111771,20.93560025,17.33833794,14.31569581,1,1,0.473025995
264,2.772273791,28.2270956,49.7189771,10.73176651,1,0,0.130220761
265,17.17542761,8.741655822,50.5663382,18.05872162,0,0,0.265643757
266,37.13012559,11.60259198,39.55916438,12.32127742,0,0,0.322959217
267,0.494031633,10.20644854,40.38504411,17.88123907,0,0,0.063281505
268,37.61973509,15.84608835,57.72813672,18.77789209,0,0,0.411920465
269,49.9654186,11.09360721,24.79789262,20.44021392,1,1,0.391057779
270,51.8496653,15.92525881,31.49507641,20.41721684,1,1,0.436450865
271,26.41961186,20.83780269,42.12808758,15.2724957,1,1,0.332931862
272,25.62104453,13.5127993,38.09849338,17.10128205,0,0,0.313533458
273,54.17871269,20.78178671,41.73071538,27.47847062,1,1,0.530180063
274,2.593596788,6.785502544,24.64814639,14.08956931,0,0,0.098780758
275,67.17710287,12.62246278,53.36584934,20.88548558,1,1,0.511807073
276,63.15631102,23.61523806,48.45097571,13.6934536,1,1,0.475410736
277,12.30810025,14.64556546,26.04494768,24.67759414,1,1,0.248918017
278,2.714265116,8.32922313,24.13634902,13.50744167,0,0,0.102193901
279,7.773577426,15.92671947,30.92822409,18.50922092,0,0,0.197663203
280,26.48969209,10.26373586,31.46727317,21.91684701,1,1,0.318523131
281,2.256526528,9.772976021,17.53011507,9.59688377,0,1,0.082810518
282,13.03778119,9.383783233,40.17739934,18.58258657,0,0,0.233959998
283,28.70245571,9.23386585,34.74250126,23.84556735,1,1,0.337373715
284,31.88785898,10.23250964,21.62661967,12.32488546,0,0,0.26978084
285,29.00617217,17.78641173,55.6025836,16.41688657,0,0,0.360448042
286,48.2285144,19.37341993,26.06073384,14.51283805,0,0,0.381280098
287,29.89032741,14.1174117,36.88800857,20.98803503,1,1,0.355642485
288,11.50328268,10.00474689,33.54864395,18.5643913,0,0,0.218249958
289,104.8729586,9.504223046,17.02048879,14.70721167,1,1,0.435042523
290,1.236611086,13.58765523,40.91648186,18.74938029,0,0,0.097113164
291,4.480476901,14.25667039,65.35133709,15.96704736,1,0,0.16783559
292,19.82157523,19.75650346,19.60656524,9.933409612,0,1,0.226947023
293,14.73875974,21.1728078,48.56520449,16.3635099,1,1,0.276113059
294,45.37239692,14.92136303,42.40063027,16.64733177,0,0,0.40369698
295,15.42590576,13.97463142,43.17461602,11.39109405,0,0,0.231481342
296,34.84568924,21.93997979,51.06309069,17.77686849,1,1,0.404984054
297,41.36396069,12.3270687,29.27924128,10.07214246,0,0,0.304410167
298,0.000605838,10.6992633,28.71357051,23.15278773,1,0,0
299,12.03438435,23.35834911,52.84589694,21.47533024,1,1,0.284714073
300,25.44958294,14.23163701,28.62877511,17.79179984,0,0,0.304547603
301,51.5232375,14.15381742,65.59808204,24.97969345,1,1,0.511109188
302,16.64344271,17.02332313,41.7140502,18.95994707,0,0,0.286315761
303,39.86444257,20.2121278,52.98094286,19.19102713,1,1,0.434615593
304,30.3190147,19.36681035,40.99271552,13.6968875,0,0,0.334892181
305,16.7054856,15.54906744,24.82774145,17.5800569,0,0,0.253838241
306,67.93613445,12.54177969,24.15322946,16.8886124,0,0,0.423162406
307,21.16241657,19.71389892,32.12018547,10.33342284,0,0,0.256122677
308,21.74344316,22.92862939,31.10904478,19.64040009,1,1,0.321473927
309,12.2954376,6.812095146,35.20990213,14.50619893,0,0,0.197115772
310,13.40413466,6.718042051,19.84223141,2.054303091,0,0,0.096999259
311,15.64616311,14.18708509,29.88582198,11.83859785,0,0,0.222508253
312,31.22732444,17.41150855,42.36423763,12.01823935,0,0,0.32183634
313,32.5203357,14.40281457,24.49241175,14.10664636,0,0,0.305288386
314,1.528402525,3.670289113,32.00523985,13.00399227,0,1,0.073694908
315,8.504210974,21.71676131,27.45931976,4.304932151,1,1,0.132827109
316,24.15740479,15.34890703,37.28387645,22.77223109,1,1,0.339778162
317,42.91765305,17.80983898,37.62280723,15.34763482,0,0,0.388135761
318,64.11901279,18.1992388,63.43704245,19.01353718,1,1,0.53057406
319,31.26404684,15.2628766,32.7177959,15.66028407,0,0,0.328496338
320,0.964178183,11.6614918,14.37959996,20.57904252,1,1,0.074012592
321,108.9251009,13.4942613,46.49513457,9.419399335,1,1,0.479789194
322,0.618787898,21.08397245,40.24370819,26.5785853,1,1,0.087371047
323,30.39971666,19.08900243,38.50576582,13.03301464,0,0,0.326108336
324,32.53200237,3.779179285,34.08470191,13.48424826,0,0,0.257145523
325,53.52751386,20.17535313,30.48944165,8.674604248,1,1,0.349653078
326,34.12521253,8.372378836,31.63173546,16.28024819,0,0,0.31194103
327,48.9511244,16.25112545,51.33197898,15.87827292,0,0,0.428357311
328,30.79904771,7.048149253,50.32525698,8.922995056,0,0,0.260404496
329,15.07315279,5.760367249,25.07082354,21.92807076,1,1,0.223544391
330,71.85368489,7.22634686,33.17440059,6.461560377,0,0,0.309747504
331,40.17124058,17.17433427,55.01888127,23.70310765,1,1,0.456306827
332,7.449351603,14.10657287,25.15717403,13.43188816,0,0,0.166977399
333,64.21814358,13.17703797,60.42068693,16.35157925,1,1,0.478649498
334,8.788816145,18.15350195,59.90488109,19.64366486,0,0,0.239767755
335,43.14949326,17.85637639,52.58673371,9.133065312,0,0,0.349252193
336,26.64523279,16.74309368,33.85851663,21.60193832,1,1,0.346929769
337,50.28492595,6.745742552,34.95557557,14.88450299,0,0,0.348075081
338,61.15824902,10.18495003,18.21678113,5.706185958,0,0,0.26620656
339,2.425254304,8.205337247,47.6791214,17.45334699,0,0,0.117840364
340,17.68083345,6.412366024,30.3163959,12.22971563,0,0,0.208976678
341,8.535542761,19.44752161,33.35137645,6.642913227,0,1,0.155530287
342,41.47433003,16.39526113,63.37725546,16.07558301,1,1,0.416527138
343,118.6425229,4.286302679,35.09340615,16.25556372,1,1,0.468929497
344,122.7567321,8.537116233,45.72572905,16.82251651,1,1,0.559695702
345,28.35085067,9.587160833,27.76051931,15.84937522,0,0,0.287187167
346,15.12534233,12.59832903,41.79722826,31.18854249,1,1,0.306364037
347,38.13075468,18.39726914,35.04654789,6.409945216,0,0,0.279691725
348,3.15522848,18.67317379,14.670665,16.76784652,0,0,0.120529411
349,31.83290344,21.00943317,13.87958881,18.38021039,1,1,0.315010086
350,6.326216572,4.259708551,59.8293139,22.01716545,1,1,0.173264413
351,147.1743227,20.61742867,41.17533798,13.58894205,1,1,0.634971318
352,64.55930035,21.4616103,43.47180873,23.23313745,1,1,0.546528801
353,14.71146544,13.52984998,43.73807673,14.23051463,0,0,0.242657003
354,75.49854307,7.558274018,40.98779803,15.90656955,0,1,0.436638714
355,70.26765653,10.65241052,11.38948983,15.4978614,0,0,0.3559899
356,6.320312646,12.21160314,26.19652477,13.1441625,0,0,0.152916214
357,20.53673829,4.007209563,26.64957163,10.54585262,0,0,0.192196557
358,28.20699446,7.763029095,38.32509235,23.35020345,1,1,0.329126935
359,38.55994151,18.51058048,31.18805547,7.866767554,0,0,0.294535286
360,6.976800563,19.9256822,15.70781381,5.609472071,0,0,0.120000779
361,38.89947046,10.90321379,29.82356946,21.122363,1,1,0.367489065
362,0.053979029,11.60392975,32.54848116,13.46172404,0,1,0.023464629
363,58.97106498,20.56401014,28.58672765,17.89183218,1,0,0.451645651
364,28.25318503,13.24378733,33.12491843,21.59750074,1,0,0.341334717
365,15.58404925,20.97607894,38.55062441,22.16006186,1,1,0.298225151
366,58.26791251,14.8196314,38.87736249,16.82738893,0,0,0.441014474
367,93.12341729,12.59321413,44.15152193,14.0606165,0,0,0.500943127
368,4.570202909,13.46417335,55.37034703,17.16754158,0,1,0.167072258
369,1.015348116,21.17350046,30.58748062,22.02011574,1,1,0.09626934
370,11.01846143,24.63297686,38.61264052,21.64241053,1,1,0.264200633
371,2.621963141,8.376949736,41.1969511,10.97142208,0,0,0.103218358
372,17.02609003,20.70823578,27.11607721,16.82511871,1,1,0.267574851
373,54.5231844,16.37927072,32.214411,21.50067901,1,1,0.456057662
374,16.19388023,16.71445116,40.80788246,6.895914627,0,0,0.205271996
375,15.37271822,14.16494901,44.10123151,10.55506242,0,0,0.226969469
376,23.93715694,18.60364777,44.10349852,14.26866513,0,0,0.310273048
377,21.76490776,18.13959924,31.48901581,11.20581721,0,0,0.261440247
378,36.63817076,13.70658173,49.06869085,16.85093273,0,0,0.375792138
379,9.44079815,12.8476033,25.39314345,9.981925655,0,0,0.165234851
380,20.5376405,11.01680438,39.63518717,18.26079075,0,0,0.28553331
381,11.93765378,15.05398803,32.10722336,22.47882426,1,1,0.248422268
382,33.06385432,8.245165136,53.83449245,13.14409947,0,0,0.313217453
383,18.0329843,18.81168552,56.4033221,18.24388645,0,0,0.311216824
384,27.77547984,19.37984662,33.15768614,13.04878435,0,0,0.307849205
385,14.5069224,14.44696077,46.68558903,20.42922341,1,1,0.275269048
386,25.31868306,9.182406373,42.62773539,13.54434703,0,0,0.278458314
387,33.35332718,15.23043317,47.6452444,5.963331213,0,0,0.264314354
388,44.95552058,17.85945524,37.90148781,6.303300429,0,0,0.2995466
389,5.713901143,8.981364634,18.88841216,13.96915964,0,0,0.134960996
390,32.90048079,17.11048678,34.48166956,17.23474348,0,0,0.354428248
391,8.957635653,19.05004625,32.51077158,12.68933377,0,0,0.192951
392,47.82690537,13.02596744,39.73056253,18.7304014,0,0,0.414308759
393,20.09298152,13.32995393,22.06696977,5.888512236,0,0,0.185667783
394,16.26979653,20.68456741,23.60732355,4.42859305,1,0,0.168218458
395,74.47732875,19.08281761,53.68693575,10.00188114,0,0,0.453080194
396,47.35479192,18.49870064,47.25387801,18.62297401,0,0,0.44695964
397,32.11885041,13.37256221,26.91009673,15.05996387,0,1,0.311300961
398,45.48200604,19.46385547,20.222648,19.13510569,0,0,0.388755729
399,55.72504836,12.42130218,55.47752677,16.28089086,0,0,0.441580718
400,11.0153205,17.90241118,46.16012384,15.43031069,0,0,0.233344393
401,67.47963123,9.161919221,60.82119327,11.27299293,1,0,0.411680087
402,18.8255573,3.624997578,40.66951676,0.908353672,0,0,0.07886804
403,1.051702188,18.64725013,45.69742331,12.76277248,0,0,0.086375655
404,12.22138085,17.79886433,35.03371717,17.17430047,0,0,0.240306186
405,25.01417204,7.236925632,55.36535858,14.22369458,0,0,0.282473384
406,100.8208097,12.25631495,42.82771368,13.93379501,1,1,0.511019851
407,26.7297273,17.69374539,55.85312405,13.2576433,0,0,0.326545189
408,14.82753484,15.08712246,22.52778162,12.56092359,0,0,0.213617698
409,9.870456211,23.66803488,38.13369574,12.67850697,1,1,0.212719045
410,33.05900057,24.13965393,20.40865266,16.31858132,1,1,0.337259039
411,24.60054043,14.87887212,28.50232899,28.34249423,1,1,0.348532167
412,28.82036732,14.56782994,27.0493089,13.80254199,0,0,0.294279027
413,40.95906435,12.30471139,25.61224234,8.383566642,0,0,0.279863803
414,57.29617685,18.94697635,30.67112743,6.800951607,0,0,0.329743284
415,63.99889364,10.19769595,26.06666376,13.61321436,0,0,0.379185676
416,3.948657713,10.64695002,44.33384142,25.02622824,1,1,0.164648368
417,5.216295705,11.8951223,19.050328,14.28007592,0,1,0.137078189
418,48.6312067,13.20080579,33.92117238,13.74995348,0,0,0.370403878
419,14.17828984,20.57355443,36.26298017,7.912056704,1,0,0.205959088
420,61.15446773,13.02755356,41.15341412,10.3752338,0,0,0.382917368
421,51.53757364,14.36596754,46.31363575,20.43936068,1,1,0.456163042
422,23.51265131,19.66091158,14.07286507,15.94298027,0,0,0.26509412
423,128.1329844,18.39230746,50.85182288,22.33231882,1,1,0.711237317
424,21.25977211,23.10507229,31.9538132,12.75202885,1,1,0.280438947
425,72.97705386,23.37159024,41.29849471,21.22824637,1,1,0.561059172
426,54.47718465,9.761342653,30.82939899,20.74545131,1,1,0.413282612
427,1.509593904,8.768212004,22.19101216,11.49359851,0,0,0.076390905
428,40.85131634,9.182953058,15.97593579,10.84109219,0,0,0.266939084
429,18.15879392,18.34377734,51.90495596,21.91481965,1,1,0.324567359
430,2.455115763,20.78510929,49.34822917,20.42185304,1,1,0.144248882
431,81.11353078,17.6296776,51.83583589,26.83361911,1,1,0.624345151
432,97.01346318,17.53358836,49.24540172,9.786716294,0,0,0.487062165
433,75.99552531,18.73734461,38.33284165,1.494706864,0,0,0.224068805
434,9.732711445,14.18741939,7.455412569,16.9279606,0,0,0.158634157
435,52.60621968,19.77024192,51.05394417,8.010289888,0,0,0.366719004
436,75.42113499,18.04266598,38.53881484,13.14373642,0,0,0.466298809
437,39.44338654,14.15368817,39.77649471,8.239502276,0,0,0.301059983
438,25.7355791,13.85139891,27.62272691,18.1746848,0,0,0.30482894
439,56.25497212,11.43430639,55.29247578,22.98272785,1,1,0.486151838
440,0.580344894,16.09463814,42.52850823,21.77230558,1,1,0.077562213
441,72.65028861,15.9055189,55.85750677,15.09540626,0,0,0.498859707
442,15.24051938,16.62584676,40.90929171,15.83757821,0,0,0.259773368
443,17.02401454,15.04932916,43.01480533,11.70360545,0,1,0.245468811
444,22.81343842,18.60518816,38.96000724,16.8170563,0,0,0.313892355
445,72.1375735,12.00850166,48.5798331,15.42303338,0,1,0.469066473
446,21.5430559,13.478377,47.63808168,21.21551883,1,1,0.323758897
447,42.1009997,20.76188168,46.55097671,24.76240035,1,1,0.472424357
448,0.838864266,14.7858948,49.59358574,25.08061524,1,1,0.094935065
449,29.02053097,17.9320107,50.41144355,16.63842822,0,0,0.356900826
450,9.148044733,11.6857419,23.2412876,14.62814824,0,0,0.178396731
451,4.560042783,25.2628285,40.67086796,14.86719686,1,1,0.167437821
452,64.63957831,13.0678498,31.79027954,11.97874233,0,0,0.392887661
453,34.95002506,16.20899952,23.06792727,14.00077364,0,0,0.31602455
454,59.57547539,18.14292189,63.55410231,15.54533686,1,1,0.484176764
455,33.89587453,15.23659261,45.46409748,25.86374302,1,1,0.41707816
456,77.07770034,11.95302655,36.346421,8.924100256,0,0,0.387549962
457,81.90804008,14.25600279,48.04453787,9.446104925,0,0,0.434361597
458,17.62008088,17.76844748,41.01828971,11.93219619,0,0,0.254893585
459,67.66702459,8.488124235,40.63507761,11.93251593,0,0,0.388860864
460,20.88379213,9.796051298,22.47644409,12.89744149,0,0,0.230940254
461,51.98354842,18.90289863,26.51160795,11.29601091,0,0,0.363181447
462,17.61803287,27.12880918,56.02555972,20.26688662,1,1,0.336370052
463,70.49651529,14.02131421,24.37790394,8.860855235,0,0,0.358113106
464,99.33218659,18.26762671,41.40301831,25.11310875,1,1,0.643724389
465,115.6010081,7.555572295,57.26385685,11.59590901,1,1,0.495040869
466,1.373389325,17.29849919,21.47401476,19.36788137,0,0,0.095460123
467,9.183057949,16.78640089,35.72513847,16.80208271,0,0,0.211669023
468,17.95594242,11.86861064,32.58592641,12.39990193,0,0,0.235341294
469,37.91850873,23.54279934,49.88636799,16.60998337,1,1,0.413162778
470,2.970843265,18.4607217,36.51790515,19.59507898,0,0,0.143868703
471,125.431706,23.70927342,40.32177175,7.601011932,1,1,0.505585418
472,14.00610806,20.07684744,46.17811233,10.42042414,1,1,0.231457049
473,0.88706293,24.12410055,42.41158355,16.44103156,1,1,0.089677666
474,19.17831748,24.9101178,26.6878033,19.5571807,1,1,0.301493935
475,15.47657631,23.07346664,59.46142375,20.89801242,1,1,0.317493669
476,135.5527974,16.64786981,16.33308124,12.21254368,1,1,0.492691861
477,9.097775047,20.48646229,24.26024509,17.77917912,1,1,0.207562218
478,44.26202395,10.39055326,28.268943,14.10449086,0,0,0.336254298
479,31.20630782,20.53175135,17.80538482,19.39090991,1,1,0.331083821
480,48.3532245,13.52636674,35.44350904,21.52672761,1,1,0.428818549
481,26.68847586,11.75691905,31.17100708,18.14807061,0,0,0.30747894
482,100.9352789,21.57773139,44.54368186,23.9597916,1,1,0.662790727
483,59.96942676,20.62279498,22.82388437,16.94102891,1,1,0.430803062
484,69.13115966,11.33276592,23.0190182,11.00535466,0,0,0.364437099
485,8.963370195,18.01413546,32.98547943,13.64115682,0,0,0.196155184
486,74.70228642,20.30732295,43.09283723,12.55290621,1,1,0.474717552
487,49.2075299,15.49065938,27.82958894,11.77474077,0,0,0.351915996
488,25.24280279,11.20023796,30.34794029,18.09655679,0,0,0.296887067
489,37.55590452,5.911874241,51.95712951,17.73743435,0,0,0.341033456
490,23.90813724,13.17430648,17.68348076,11.42704845,0,1,0.235852482
491,67.23955975,16.02928698,34.27037355,15.39640032,0,0,0.450643571
492,7.104431276,20.55833888,30.09544993,16.86911551,1,1,0.191841163
493,60.9478753,14.58034872,50.08495324,14.33665773,0,0,0.443882494
494,40.90917486,21.01897435,36.92342613,14.61079125,1,1,0.38348964
495,38.26383566,5.734677739,47.79972708,17.00227499,0,0,0.33307329
496,26.5026122,15.83057126,37.0263906,20.66769593,1,1,0.343546616
497,11.82550725,18.23214894,31.05292852,15.78349592,0,0,0.227417416
498,56.43874058,17.19793821,24.70096597,19.32625227,0,1,0.431538195
499,75.95158507,11.74650208,47.98222059,21.64362087,1,1,0.528487763
500,51.85955183,20.10277833,26.3103157,13.15084317,1,1,0.383492927
501,29.07869776,1.925994414,22.17468258,18.76746008,0,0,0.225328278
502,15.95108765,13.75210618,62.29424491,12.78098536,1,1,0.257009274
503,17.50610452,13.32819062,29.33153638,19.94856671,0,0,0.269927486
504,4.504715343,15.92014027,43.95077382,11.0493885,0,0,0.14337961
505,11.82380364,8.032804296,8.596943236,23.87872073,1,1,0.180026296
506,3.214046298,19.90501193,43.13796426,9.453190804,0,0,0.123085587
507,50.61766402,18.03219689,41.22521092,18.39550207,0,0,0.445715807
508,44.10839366,14.8607221,31.7244056,19.48939617,0,0,0.399532749
509,52.18492611,20.62047705,58.93877286,19.71334032,1,1,0.497821749
510,10.55408367,21.44490853,34.84450342,8.033066106,1,1,0.183878163
511,17.0561894,11.28297526,52.24257009,17.24176326,0,0,0.273163657
512,1.10718083,15.01079642,15.16824986,13.63246576,0,1,0.072352566
513,11.42402158,12.40556956,32.01181488,20.47514814,1,1,0.230130882
514,37.67775952,17.9572788,41.83408337,16.32028036,0,0,0.382412329
515,30.07530025,6.555267407,26.60183398,18.67198965,0,1,0.289230102
516,29.41450099,20.68567752,37.70285325,14.81876207,1,1,0.337867885
517,41.0779516,16.8278682,43.48426855,13.48233929,0,0,0.371783787
518,94.05598748,14.02172384,30.15202494,21.52619315,1,1,0.548047451
519,110.0193678,7.939978966,74.11939978,19.30259534,1,1,0.596035314
520,22.7076903,20.67903123,37.813534,17.66850338,1,1,0.321735227
521,43.8143919,24.36794784,34.1351583,12.32501938,1,1,0.377629378
522,36.1217717,10.98646835,48.03215024,21.98704565,1,1,0.390466593
523,14.36057303,12.23555281,22.46190577,9.311123705,0,0,0.185887651
524,36.08890403,18.33967469,32.52719057,16.95391437,0,0,0.366351354
525,20.62618595,10.00295975,28.07072141,17.39589666,0,0,0.262434951
526,18.30735081,23.4087107,32.73446685,10.72866176,1,1,0.251822107
527,19.33767453,15.40112319,28.90267028,11.7120123,0,1,0.243102829
528,58.27647838,11.93104572,41.22340834,12.03670516,0,0,0.388195366
529,22.12660259,16.83202296,28.21088345,17.52264756,0,0,0.293400861
530,105.2977106,9.772251725,41.59769664,10.20745008,1,0,0.453589578
531,77.36813998,19.21524074,22.31511308,21.5593381,1,1,0.506164022
532,38.06537261,15.1186254,30.87296716,14.94145982,0,0,0.346480549
533,63.17884856,15.81985305,30.03679974,17.15706307,0,0,0.443879354
534,40.22539994,22.89781189,32.31893826,19.82186871,1,1,0.41482014
535,32.75142024,20.59875948,31.58781474,17.88920305,1,1,0.362949101
536,97.74142166,15.14667529,52.73275675,14.42132092,0,0,0.544738454
537,51.83667183,15.33909352,44.71380941,14.78154048,0,0,0.415725896
538,32.31209456,14.82533327,9.407990458,17.56588543,0,0,0.274642885
539,32.94148562,19.18136059,37.71622862,11.62423308,0,0,0.324157226
540,11.99196367,18.99290093,68.84277273,21.99387091,1,1,0.289235227
541,37.41028506,14.37307329,15.56378118,17.04081306,0,0,0.316277585
542,2.436324489,13.74518307,35.44085184,17.83362912,0,0,0.122791824
543,19.22058247,24.36763385,69.63920793,17.53609523,1,1,0.339117386
544,33.74148748,10.52858064,31.43790709,19.19993745,0,0,0.338243591
545,16.23649821,17.63868199,52.74351311,21.53954556,1,1,0.307654411
546,47.05982406,28.1970745,62.46661572,17.24858067,1,1,0.485258985
547,40.79148718,18.27517945,35.35110622,19.30211215,0,1,0.405617816
548,29.46464606,23.60202046,41.38115437,11.95089291,1,1,0.327597773
549,14.72754898,20.23515431,34.64137774,10.58470975,1,1,0.226884256
550,7.100652631,16.4943478,33.31943499,12.7120324,0,1,0.172774313
551,91.05741005,15.27692644,39.3197927,13.65390521,0,0,0.497538373
552,34.63809211,17.66290699,54.50956216,19.14045244,0,0,0.40395127
553,57.00260673,18.24818645,41.36636231,13.60244526,0,0,0.426899366
554,59.57626089,12.71553998,32.89655767,20.75275695,1,1,0.451089469
555,15.28436533,5.128027252,22.63311335,15.55681997,0,0,0.19516559
556,34.9150832,13.40202361,10.52627255,18.66027141,0,0,0.290701083
557,40.44306841,12.6059003,51.20490865,19.55172205,0,0,0.406680141
558,5.635196127,11.06464132,15.59692431,24.66161929,1,1,0.159584819
559,9.726466778,21.86789593,25.27005262,11.28727989,1,1,0.18838265
560,41.21543092,11.92446241,27.97174857,16.24808879,0,0,0.348143131
561,37.97345606,17.59763926,3.835334839,20.67202364,1,1,0.244684873
562,8.194599894,15.18109587,38.34901084,11.47973685,0,0,0.179042299
563,14.32033619,9.889861201,46.13543616,6.801572012,0,0,0.182955564
564,33.79454779,11.21954051,22.09029935,13.46336769,0,1,0.288921978
565,53.23099426,9.404900862,37.95196865,11.02341219,0,0,0.346417273
566,52.45881267,10.9662784,27.80416186,22.81773548,1,1,0.419581721
567,4.317815428,7.954830508,34.69607026,15.29694629,0,0,0.134782875
568,67.57592644,16.26709817,25.68658529,12.01514864,0,0,0.399716509
569,71.98768248,17.13978285,9.76320624,26.89180477,1,1,0.444118929
570,92.64331995,18.62688475,48.42306647,14.62052558,0,0,0.545312837
571,102.3034796,24.21833965,64.31799502,19.11308438,1,1,0.670642409
572,14.3976828,11.95716129,43.7365117,16.03837195,0,1,0.24489368
573,8.028219775,21.08733063,44.73617586,18.00526186,1,1,0.219976963
574,33.63567948,16.34490373,20.04971433,18.03988753,0,0,0.328959345
575,134.589922,13.82579536,41.71699064,10.61023201,1,1,0.534698391
576,94.43115032,16.07635703,56.00859333,19.84561421,0,0,0.603889338
577,1.781523453,18.03985044,37.17964015,23.77097762,1,1,0.124308302
578,59.50140577,21.05218315,43.52367578,15.5722894,1,0,0.466595437
579,38.67063797,24.35466083,26.56577901,13.68082732,1,0,0.356042666
580,35.42570051,17.39372851,24.93226619,9.781086951,0,0,0.291057801
581,66.45572923,5.673625429,35.61536908,10.55839728,0,0,0.341300667
582,84.10013255,15.1432975,53.04513112,8.686338223,0,0,0.438352191
583,25.45628687,14.54291856,44.38478178,18.12123375,0,1,0.329938474
584,32.61129424,20.09253224,43.88996837,8.868141852,1,1,0.306098589
585,59.70651333,5.652621184,22.32306784,7.266764737,0,0,0.268891858
586,65.01467392,16.22082329,29.68163827,13.69454003,0,0,0.419631558
587,21.94249623,10.82827375,38.29592308,20.48237805,1,1,0.301214708
588,43.22651781,4.891179652,41.26927816,11.93311003,0,0,0.298457589
589,55.91309993,12.20648114,26.01753164,13.19730656,0,0,0.365760619
590,53.5701309,17.59325743,47.6491933,19.79696072,0,0,0.475412031
591,89.10908146,14.80298361,38.25188856,17.06935379,0,0,0.523539419
592,47.7722413,19.07506891,36.32591071,10.45356763,0,0,0.361371385
593,0.424879558,12.57269004,31.54844906,11.40820707,0,0,0.05145193
594,106.6319265,19.58589454,45.31271257,3.921028932,1,1,0.377975865
595,46.48909322,8.309168515,42.32630305,12.41236105,0,0,0.339847626
596,33.28356593,12.22441429,34.66612993,16.66756896,0,0,0.334933632
597,10.27934972,20.14202054,46.65956032,20.49888652,1,0,0.252614901
598,92.49927562,20.21661152,41.48174281,15.50885357,1,1,0.548299241
599,20.20562475,15.23037664,30.64703209,10.30797604,0,1,0.239641115
600,25.36629616,18.94768376,29.1729267,4.784163197,0,0,0.210659905
601,6.213825762,16.07497395,17.08309009,13.55762808,0,0,0.148682584
602,31.78312454,18.42425359,49.68284557,9.617443795,0,0,0.312792814
603,67.19449491,15.76065895,47.42072126,11.94871161,0,0,0.43765639
604,51.47843979,10.80424504,44.9025416,14.3659798,0,0,0.389542234
605,8.223532218,11.58932332,29.17158082,2.232796324,0,0,0.095645461
606,98.11163997,17.39244209,38.13813992,16.87591403,0,1,0.555507135
607,1.658733228,13.59452243,41.96698932,11.15183984,0,0,0.093407724
608,14.59293809,19.54194276,21.26526591,11.36287146,0,0,0.211981252
609,68.90613552,14.19279462,47.35910133,15.0878682,0,0,0.467501881
610,8.544807502,22.58158729,54.28091138,17.54572854,1,1,0.233131661
611,22.16392798,22.31049563,35.22049869,12.03715901,1,1,0.283042637
612,56.68480564,12.58989599,60.13013824,24.6644735,1,1,0.512453774
613,57.16849874,13.90132,55.38625948,13.28030245,0,0,0.426156263
614,48.18532419,16.85976524,26.37749193,13.54699218,0,0,0.365990832
615,42.10927164,17.30448511,28.14503327,18.47225033,0,0,0.387225653
616,60.43442344,17.14421366,33.82145386,16.41467177,0,0,0.44403468
617,99.97917566,25.19370747,66.23328806,16.72795371,1,1,0.644642702
618,52.65252957,15.69211259,23.6495095,12.4989958,0,0,0.359177454
619,61.87590397,13.37050885,32.73163113,10.9262146,0,0,0.378306275
620,10.70607079,21.33154636,29.58275993,15.43405941,1,1,0.220555496
621,32.57077165,15.88975187,44.72676902,14.28635248,0,0,0.343467093
622,1.864795842,23.35838611,29.08188944,12.71874763,1,1,0.104394504
623,18.53679653,17.91228825,46.29318102,12.0017726,0,0,0.265994872
624,0.36767137,12.40568377,58.17730497,18.15195349,0,0,0.061684434
625,2.819182211,24.56376943,33.79080192,25.0136642,1,1,0.156589359
626,32.90297583,9.975801564,34.09485488,17.14318596,0,0,0.324970288
627,79.87822082,12.75823983,24.65474803,11.80638056,0,0,0.406642157
628,43.18475794,15.4708025,41.39662646,15.91381008,0,0,0.391016758
629,24.8244949,23.39409277,19.87480467,15.83988154,1,0,0.295227573
630,49.47960911,5.630011104,39.18030395,9.121910551,0,0,0.29385619
631,69.89016007,13.33976834,55.82053829,11.06654809,0,0,0.434147474
632,6.383055319,6.992297453,67.70894811,12.99695437,1,0,0.163271052
633,50.21415522,12.00908985,31.77107916,12.97157343,0,0,0.359267263
634,37.61982084,18.68296423,54.7633411,21.64953833,1,1,0.437634376
635,59.30587314,19.28112217,54.10235533,17.75137039,0,0,0.495471879
636,20.6327462,21.28244089,43.80060335,13.9889808,1,1,0.296300795
637,27.29310756,20.27669984,31.01623204,19.18557124,1,1,0.342891343
638,37.34814982,13.84516345,11.72627933,21.29194363,1,1,0.319207146
639,79.31854893,16.72312024,29.6603585,15.60120196,0,0,0.475202021
640,70.80273332,20.66959657,56.04934573,20.56868453,1,1,0.565529639
641,92.9128022,17.18992787,44.66410952,23.30684196,1,1,0.614340702
642,82.08070493,7.571372058,34.69038412,5.711261065,0,0,0.318571693
643,74.32366278,8.321997395,29.39018952,14.57574894,0,0,0.406291084
644,19.36043995,11.41658713,37.51970167,20.77515522,1,1,0.289166624
645,0.403250436,17.54442542,32.2976194,21.59988855,1,1,0.064823069
646,63.77341772,12.54904028,25.29024457,16.83656234,0,0,0.415430639
647,35.54162891,15.20093157,35.91825815,18.29717977,0,0,0.368048136
648,85.7179483,14.36060851,53.05467717,16.71465208,0,0,0.537032238
649,55.24670083,14.14837332,36.12954362,3.210795091,0,0,0.249040245
650,35.74637355,25.0581329,55.57027516,14.970284,1,0,0.401314372
651,25.22083276,15.28060904,26.41710629,17.04333445,0,0,0.2987561
652,12.38820659,19.04886412,45.50165608,13.75074872,0,0,0.237727505
653,98.4909545,12.68811555,45.88832982,14.56559523,0,0,0.521711657
654,86.55323463,14.97538428,51.24787361,9.286185707,0,0,0.449608205
655,16.13162159,10.81891395,42.07098186,3.350347209,0,0,0.151835054
656,19.53371448,14.34814189,55.76314122,14.02193519,0,0,0.283726774
657,15.07736951,14.20366105,12.09745137,18.59200497,0,0,0.215156189
658,86.99273147,26.01529284,47.01853987,19.14837871,1,1,0.605170748
659,42.57538054,16.93526663,48.73530758,14.38435484,0,0,0.392197547
660,5.0962492,15.15324654,46.69731816,11.77973382,0,0,0.153983442
661,19.9394951,7.850147878,63.98758758,4.176418811,1,1,0.18093158
662,16.30420735,9.521206449,52.85043557,16.5993023,0,0,0.258724552
663,53.00923701,20.42011666,45.06401046,17.58579524,1,0,0.462922578
664,3.556114734,10.37896493,54.77898185,21.29775852,1,1,0.154806559
665,33.61423618,11.94171565,27.33032197,15.03130948,0,0,0.312141359
666,23.59298128,18.44332853,36.92321017,9.351071162,0,0,0.262505187
667,32.31264385,17.49511222,40.23511412,15.82766056,0,0,0.352615022
668,5.888964044,10.50500782,44.40156253,11.97680057,0,0,0.153728057
669,43.77365501,15.65270202,52.19884065,12.03410141,0,0,0.374788351
670,14.21250146,19.84939259,50.96981394,10.51132767,0,0,0.236717564
671,68.84111869,15.0777574,17.68993769,17.06780118,0,0,0.416215707
672,27.85655443,15.2654332,32.37178163,19.38547095,0,0,0.334370995
673,29.04004445,10.10834293,46.42319848,15.88848379,0,0,0.317982104
674,20.48039364,20.56160838,38.83857093,14.26963438,1,1,0.290045579
675,65.81089179,8.331346876,42.89235764,6.772166712,0,0,0.323589788
676,3.874917864,11.2734146,45.95557368,11.19165715,0,1,0.129422102
677,70.95576342,13.97004867,41.70577789,7.868495362,0,0,0.37735548
678,24.81396227,13.71786009,28.73034877,21.68004966,1,1,0.318688823
679,16.26956537,13.72358816,33.30499812,19.13524588,0,0,0.265440161
680,5.555888276,18.29460758,22.23691098,11.72929242,0,0,0.14512553
681,52.79730379,12.3798936,10.9098551,10.38256777,0,0,0.284617187
682,67.84996698,14.50829329,44.94826589,16.86610662,0,0,0.478486713
683,60.22322005,25.85945346,35.74581941,16.90442763,1,1,0.480723135
684,23.28735077,16.18808848,37.69068933,8.688287424,0,0,0.250949366
685,17.0193535,13.78809738,21.60529196,15.7721822,0,0,0.237164221
686,62.65664985,15.31904327,5.328011281,3.855653412,0,0,0.193642651
687,0.515403152,10.50114905,30.38917672,6.024748764,0,0,0.043906471
688,23.13564568,15.16384118,40.92678341,4.868939097,0,0,0.208506733
689,91.26896993,9.780943749,44.16729479,14.71226912,0,0,0.484575844
690,64.00249108,22.17322999,24.9710952,9.937408006,1,1,0.384701616
691,38.61659845,25.25106687,41.29015674,12.95632566,1,1,0.37803815
692,55.12803414,10.19569642,45.9864699,11.48518859,0,0,0.371573721
693,34.13104004,13.69594668,17.70500248,11.88076225,0,1,0.276974382
694,67.55338016,6.769704376,44.53481048,15.85633473,0,0,0.415496974
695,18.18587191,16.15309414,41.8774214,18.68741573,0,0,0.293148576
696,5.035188749,12.02007238,40.27540486,10.48265571,0,0,0.13925601
697,11.71950577,15.52360384,38.45989603,17.45789665,0,0,0.236099526
698,68.1445131,16.99860017,42.0904982,33.88503869,1,1,0.601436648
699,91.40620693,21.85475206,46.86283021,18.19747291,1,1,0.591460134
700,37.77797963,23.27227914,35.74194737,10.23265032,1,1,0.335992576
701,15.09668965,24.62150328,24.04123273,18.15664846,1,1,0.262694472
702,91.15886207,8.174113068,52.38413221,7.306399289,0,0,0.388682102
703,9.59006919,12.58750829,27.24913618,15.21279183,0,0,0.191159128
704,25.36979946,13.08321189,20.98149958,18.58938234,0,0,0.288840703
705,28.26662855,15.78360301,26.12082614,16.74392743,0,0,0.311961785
706,22.36308181,21.30135908,37.18332853,16.43766933,1,1,0.313319659
707,80.49732141,19.97707594,23.62399637,17.52061869,0,0,0.490149546
708,49.263393,3.255870171,21.46176374,15.87000786,0,0,0.288316627
709,22.50559507,18.38065313,22.9944169,14.10770227,0,0,0.270654267
710,107.5394971,13.99425473,41.68753765,12.16864049,1,1,0.51101015
711,55.93029618,8.623857699,48.30768582,13.36045227,0,0,0.384578444
712,12.74521443,18.06196117,41.76379976,20.7594574,1,1,0.267040591
713,52.69679168,16.45046385,39.76224417,17.29359843,0,0,0.435694231
714,44.13659384,18.07970745,38.29920034,5.995699439,0,0,0.29364477
715,47.17835012,19.18255268,42.07145478,20.84424885,1,1,0.456031164
716,89.62807988,14.06795214,40.71973581,16.37781931,0,0,0.519262304
717,48.28851427,7.921407414,37.19021553,18.05799639,0,0,0.376577333
718,68.17741304,11.3243948,28.87359925,18.27746499,0,0,0.440257878
719,47.47741682,13.61687561,29.12031847,21.07670764,1,1,0.410020011
720,35.7794501,21.25252748,39.57317471,10.24591808,1,1,0.32974298
721,26.109723,12.74251132,29.05234702,16.50739606,0,1,0.296308847
722,44.50344886,11.87730853,27.19996053,18.90063018,0,0,0.374107285
723,56.05890286,12.22827742,28.32635597,13.91731499,0,0,0.37760417
724,52.28603129,18.86911492,25.14732921,14.00188244,0,0,0.385590763
725,24.85045087,18.75574804,44.66574283,6.959358032,0,0,0.252307111
726,24.00119057,16.21181941,29.71354965,13.6966117,0,0,0.281717593
727,16.93671916,15.26285305,29.31686825,5.618805386,0,0,0.182871647
728,58.78485534,16.79069148,48.17242943,18.08567601,0,0,0.477315683
729,18.57299218,13.77236764,46.89748555,18.6612092,0,0,0.293591099
730,47.9775997,18.40153365,40.75280015,16.0678929,0,1,0.419019345
731,89.78847381,6.311277083,44.35725837,19.97055825,0,0,0.493921457
732,29.46475833,9.629713087,46.19260997,15.66918187,0,0,0.315818328
733,40.18020812,26.57579334,23.09440771,14.45118775,1,1,0.363986653
734,67.37133161,12.48382406,68.20610763,8.4172639,1,1,0.40102573
735,107.1107298,20.15040381,32.54334521,12.37789529,1,1,0.521151885
736,10.12107338,13.60249789,35.6582123,8.437865971,0,0,0.171910005
737,63.91748231,10.58733135,41.69244633,16.63154032,0,0,0.437775963
738,4.439663744,17.46458994,53.01835205,14.83542688,0,0,0.163205406
739,83.65590169,10.69496266,22.60331836,5.402922229,0,0,0.310007505
740,22.89166428,13.07374163,67.38201374,14.56319132,1,1,0.310591758
741,67.13583589,17.14311906,36.64343405,23.40799588,1,1,0.523082722
742,8.380531116,14.68331815,56.98741465,11.59266645,0,0,0.191993559
743,4.019643862,15.33635731,22.51355694,13.13808791,0,0,0.128814009
744,55.52065357,10.35369566,25.60109042,23.18825513,1,1,0.421666489
745,29.14143836,16.91584127,53.79532235,19.0156592,0,0,0.372958097
746,11.07681617,18.18598915,38.96582821,18.01083197,0,0,0.239285082
747,14.68544194,21.87188228,26.8775998,10.94326807,1,0,0.222281268
748,63.7038147,17.48748731,60.47458972,12.12823867,1,1,0.45442215
749,70.34527819,23.57828587,36.33941678,0.417663607,1,1,0
750,6.43760751,3.790928732,39.31605293,21.2307507,1,1,0.158351566
751,61.74238255,14.12311115,40.6366941,14.01504741,0,0,0.426468745
752,17.77034864,12.31238931,45.09169141,22.00209316,1,0,0.296313467
753,72.13634082,12.05053798,49.85374554,18.53326835,0,0,0.498641737
754,114.8869235,4.389939653,52.65213126,20.29862732,1,1,0.530872708
755,15.63457146,18.29280342,25.00192941,20.52563664,1,1,0.266083905
756,45.92210627,20.5149285,55.40391807,17.4458322,1,1,0.450832019
757,61.49171816,4.714530634,57.56024649,0.942837313,0,0,0.142601153
758,14.66803431,14.62977745,20.48574821,13.53487472,0,0,0.213161793
759,30.64167965,13.33574302,35.57895627,19.15996862,0,0,0.344231457
760,5.37370299,20.99839443,47.08615825,14.50437715,1,1,0.17659113
761,44.88645968,7.336621691,45.70134464,20.1578924,1,1,0.386274219
762,37.12988658,6.838564167,75.31881003,12.70110237,1,1,0.332177828
763,35.14428133,9.51785255,35.69947972,19.56907968,0,0,0.347530317
764,27.32091935,9.431938946,39.13274268,15.35477671,0,0,0.295585254
765,104.856461,20.21905402,36.68324077,9.772302225,1,1,0.489686455
766,73.76197822,11.92391107,36.22133317,16.51053949,0,0,0.460626617
767,15.9586602,12.12189009,21.68203571,3.123687659,0,0,0.134685975
768,64.77828099,23.37304567,46.65898203,12.84765368,1,1,0.467323417
769,4.953172344,14.28333123,29.72288659,12.76524437,0,0,0.143796384
770,38.65478269,15.99991735,19.36236278,8.523430532,0,0,0.272949918
771,40.58152066,14.37003356,38.00167756,7.654536451,0,0,0.296002311
772,72.29769743,14.26742669,53.38989159,17.00778375,0,0,0.504359109
773,38.46629481,17.29704541,34.70920326,12.02064336,0,0,0.338462915
774,23.01469676,9.655206721,19.37088158,20.67124836,1,1,0.270032841
775,50.18415733,10.8635944,58.12047331,16.49081846,0,1,0.419458104
776,70.59029727,22.38770556,29.35490644,12.96397031,1,1,0.447102769
777,51.11780407,21.47326142,25.18735054,13.56571531,1,1,0.386051689
778,34.28617403,13.65561083,50.82428331,14.21502578,0,0,0.348987362
779,20.11327409,5.147353424,33.85095845,20.00256338,1,0,0.251698279
780,32.73099944,19.50778423,54.61414281,17.32715181,0,0,0.389004239
781,77.57585963,21.65585566,36.75940632,10.32271224,1,1,0.446393405
782,57.94613396,11.52195043,51.91889116,13.4048277,0,0,0.413184718
783,25.27754552,20.13127508,38.58560973,10.29783911,1,1,0.283884631
784,31.17015241,19.6602774,44.01246876,18.87307446,0,0,0.378905997
785,96.43565788,14.11177153,37.64066884,13.07068522,0,0,0.492688482
786,58.80595455,15.78961261,37.64575178,15.21831974,0,0,0.431108256
787,33.80524834,4.866046065,44.80338799,14.28252912,0,1,0.289534486
788,59.72912415,11.87300386,40.8238422,23.56968393,1,0,0.481002874
789,1.085991874,8.724517986,15.464366,12.88916359,0,0,0.065090343
790,45.53700903,5.598533382,32.70504847,6.335683409,0,0,0.245674384
791,41.369912,11.90966953,49.77769372,13.97956878,0,1,0.365245266
792,55.36555259,8.077080783,48.94662956,14.79402721,0,0,0.392054501
793,2.717030207,10.91408271,9.27954234,18.19642908,0,0,0.098068942
794,1.976943364,13.2453015,38.79147517,6.488375311,0,0,0.08306122
795,56.63626942,16.565798,41.52743225,17.6433149,0,0,0.454849208
796,16.70898371,16.27521936,33.77165263,8.686707687,0,0,0.21603978
797,74.49464695,15.73582259,44.06033233,20.6404692,1,1,0.533407649
798,57.30440255,19.81295653,48.39905228,17.36073889,0,0,0.478901434
799,6.932765873,8.79809272,38.23906252,11.26858758,0,0,0.1529176
800,87.9298105,15.23691035,29.26012037,6.350056104,0,0,0.367418789
801,43.94266899,15.19145206,56.17024006,17.49277114,0,0,0.424291302
802,6.230770257,12.63923858,30.62198122,4.223131917,0,0,0.109193014
803,3.390920118,15.21177554,24.64507725,24.48525375,1,1,0.147764596
804,85.02225471,12.68616979,33.82127609,12.92499226,0,0,0.451363162
805,4.931307113,17.62672716,46.11828066,13.39500446,0,0,0.161545497
806,37.87771966,19.6459119,43.0081719,10.35659259,0,0,0.338927528
807,15.47350027,10.29170503,21.4816626,18.85633633,0,0,0.230282143
808,30.7956684,16.25066608,29.6611122,20.13600494,1,1,0.350479912
809,6.450482449,4.875406534,25.13805502,13.38069649,0,1,0.13317848
810,25.81112792,22.6582457,29.0147901,23.21306394,1,1,0.357594692
811,81.13280754,12.04199222,39.90215171,2.395994391,0,0,0.259552554
812,60.14217973,20.89740532,9.859705819,17.61276668,1,1,0.375048029
813,21.32680504,13.26827837,11.14317767,17.55305527,0,1,0.236518089
814,15.20002379,11.52478237,36.6090323,18.45182564,0,0,0.252489469
815,29.84815328,14.21155562,39.01199086,20.52359444,1,1,0.356576994
816,2.183223549,10.77943838,12.99235712,17.57530319,0,0,0.094811187
817,22.57698202,11.47734618,28.6922764,14.07530686,0,0,0.261346189
818,13.80403104,15.28799398,59.08445902,11.87506922,0,0,0.238999822
819,86.04152259,21.53234965,34.54834066,8.309184123,1,1,0.429895462
820,9.554156285,13.87095488,49.44787553,23.50326588,1,1,0.24381236
821,0.633694632,19.67554584,25.14805108,13.70877418,0,1,0.065962979
822,50.03207761,12.96705576,23.92840014,16.78133478,0,0,0.375032283
823,89.14933097,15.70465993,26.14488411,15.39633846,0,0,0.481005014
824,13.7532422,17.50388385,17.33813138,16.42580441,0,0,0.220202763
825,39.88133838,18.92523992,31.72196169,15.96583067,0,0,0.374577195
826,40.46854921,11.63968874,48.65085562,8.154800673,0,0,0.303751313
827,6.412027685,14.56820824,50.3796256,22.01812906,1,0,0.205907414
828,34.13871988,14.05100065,42.31869271,22.40004979,1,1,0.390853283
829,2.875964921,16.19024335,24.10152383,19.15823477,0,0,0.129089039
830,29.91801438,14.03568853,39.22678441,15.41258924,0,0,0.32650929
831,108.4638777,8.273997289,15.47596472,12.45248706,1,1,0.402901472
832,20.63219251,16.26454496,14.97504065,14.41863013,0,0,0.239633544
833,46.19824919,13.52581106,44.60159084,16.59198187,0,0,0.403349671
834,39.17532988,14.24488267,34.27636285,13.73997312,0,0,0.344229645
835,35.02038833,14.3930123,35.65449646,17.17643391,0,0,0.355415637
836,11.86970002,20.65850654,34.51901496,22.61945849,1,1,0.26375999
837,56.3699399,14.02183082,18.9216842,19.86475085,0,0,0.402798331
838,28.39868552,11.7864581,25.38651389,10.49613276,0,0,0.257298877
839,16.59101355,9.151139009,47.82514162,25.52722426,1,1,0.290775499
840,13.91182675,18.39260953,59.66033347,11.15243815,0,0,0.242236418
841,15.8393694,12.38594199,45.32331215,18.10206432,0,0,0.267027873
842,39.52929418,12.30460319,58.40623109,26.56381395,1,1,0.450131671
843,58.92145552,4.622701421,55.28404803,17.17005911,0,0,0.392364674
844,96.13591014,23.17444443,44.33852451,13.57446588,1,1,0.551460773
845,61.37150979,8.769303014,31.34954859,23.40324798,1,1,0.443478933
846,10.72632145,10.4457848,15.83833059,19.54588921,0,0,0.191096977
847,121.9704011,20.72456047,29.2302829,13.06483758,1,1,0.55085056
848,32.68603954,11.34405091,55.45614411,22.06648851,1,1,0.38611691
849,34.56371647,14.13313887,19.2075753,17.8398786,0,0,0.321699776
850,3.700221832,10.12026613,25.21402997,6.874823814,0,0,0.097186222
851,64.6544555,12.92762256,34.06839911,8.964423342,0,0,0.362344581
852,38.39883375,22.03836203,21.95146896,9.064991855,1,0,0.297849322
853,118.3971029,15.506469,25.579226,10.06481322,1,1,0.469553219
854,35.18444681,15.90379331,44.70536361,18.43614164,0,0,0.383199615
855,6.825918356,14.91243272,7.707366809,10.18646186,0,1,0.119403958
856,18.16252005,16.90779336,30.99717141,14.25419524,0,0,0.258561504
857,3.186612778,19.05950178,43.94468319,16.60583807,0,0,0.145576794
858,11.55141303,13.8685434,37.59296864,15.1354201,0,0,0.219970926
859,10.26446425,21.11251424,69.7987749,19.024034,1,1,0.264783188
860,58.57584564,21.68552654,51.53114292,17.72857091,1,1,0.497917057
861,4.394229079,9.112001747,39.06583506,15.86335653,0,0,0.142928329
862,5.200516809,18.73005683,26.71183946,19.01198117,0,1,0.169807048
863,9.521852173,19.59708792,55.83551003,10.07247982,0,0,0.201488763
864,37.78066956,14.55790552,25.10691178,17.55020827,0,0,0.348747852
865,0.597572345,17.76299298,49.31592058,10.20349934,0,0,0.064545622
866,42.00575164,17.54197761,22.08266631,17.26244665,0,0,0.36454899
867,37.69221185,15.61154212,33.86913927,13.89337683,0,0,0.344281155
868,21.85725002,13.77921952,83.57209303,7.882160446,1,1,0.262376865
869,119.568449,11.16381875,20.67777117,9.504395321,1,1,0.424556448
870,62.9755356,11.10484698,43.80146299,12.90344454,0,0,0.408577157
871,70.76087448,21.71103896,30.65826345,13.80635239,1,1,0.45746575
872,56.88183353,10.73419992,28.40765247,18.55679302,0,0,0.406899903
873,28.54214734,14.02077828,46.0318191,18.70435326,0,0,0.348823182
874,8.504524835,18.53930689,22.44291671,19.32621431,0,0,0.201470892
875,20.93644924,13.6671476,25.93006091,17.02073799,0,1,0.271636645
876,5.442856366,18.3232409,50.91462341,8.582215228,0,0,0.149436359
877,35.4474502,13.34616334,51.63607712,10.65060662,0,0,0.323005244
878,4.149420239,13.83654685,26.593583,24.31533704,1,1,0.159552585
879,58.89484929,10.70533754,63.12911816,19.29129802,1,1,0.474303525
880,8.942235202,13.41402793,48.96921508,18.31146817,0,0,0.218500565
881,10.29365297,22.43520037,43.65045263,10.69047102,1,0,0.20792695
882,64.20379348,9.555514772,53.69557747,6.742343936,0,0,0.338752185
883,34.82478576,13.82209474,24.22637956,12.08448901,0,0,0.296638887
884,58.23267849,6.474481244,31.66944737,3.421280424,0,0,0.225182787
885,39.60445045,20.31994048,40.98801465,23.03101161,1,1,0.440409362
886,37.20320058,19.95384182,54.86143442,19.79829147,0,0,0.428335875
887,3.149727903,15.42970248,18.56843485,9.096901029,0,0,0.10087963
888,10.0006686,16.99248109,38.75680732,14.0954266,0,0,0.21060483
889,59.61781378,14.61860268,47.96358122,12.6335055,0,0,0.420365704
890,31.46235278,26.66102212,47.52965873,3.765796968,1,1,0.241679095
891,53.08468518,18.44741193,24.41306485,15.12197399,0,0,0.393934133
892,25.2150961,13.03106602,45.12745264,16.25897782,0,0,0.313398215
893,24.65351423,20.37304498,17.95905933,20.58527481,1,1,0.30696286
894,130.1248632,11.52860359,35.39965002,22.13298109,1,1,0.626787287
895,39.38110107,16.81346199,33.34829881,13.64394826,0,0,0.35151565
896,84.85475539,9.375937191,35.93614396,11.9754502,0,0,0.424395329
897,40.28233224,7.001210627,31.88102905,20.19878777,1,1,0.346705987
898,52.32995752,10.01130972,19.32072625,8.737246076,0,0,0.288704897
899,19.45794661,12.56774906,40.59204903,11.19990414,0,0,0.246132562
900,4.599890849,10.86816984,65.32281038,21.89147003,1,1,0.179166676
901,39.00456244,8.606769039,65.65793414,20.08917805,1,1,0.396043828
902,50.49807674,14.019122,41.26020212,12.20963965,0,0,0.377543992
903,5.35786338,21.20074685,35.990262,11.2310247,1,0,0.156294942
904,60.21644444,12.53944176,36.73499556,18.19896836,0,0,0.442048989
905,15.25553934,2.892158826,28.97074889,12.97048928,0,0,0.174663484
906,34.8312885,6.489504839,53.11615444,20.81262308,1,1,0.353981814
907,19.47794251,8.39190664,21.249701,8.300938608,0,0,0.189182772
908,29.258958,24.09377675,51.56946633,13.64800219,1,1,0.353648225
909,2.179852553,14.45092314,41.50734043,11.17449343,0,0,0.105064502
910,5.509000316,31.22277749,45.83446858,16.96259148,1,1,0.197976098
911,18.75893426,16.0820741,17.54530027,11.31470872,0,0,0.219736324
912,101.4718717,11.24416995,41.02173602,21.08000538,1,1,0.570246806
913,52.94669558,17.85732683,15.82028127,21.34839085,1,1,0.403815813
914,2.321244332,15.8471679,23.70456758,17.00282561,0,0,0.113525664
915,42.56427399,13.50936252,46.66330312,18.65682794,0,0,0.407514914
916,82.94753337,15.3078818,32.82384104,14.15213156,0,1,0.470855007
917,46.47265361,18.80328294,39.78499151,27.67366047,1,0,0.488361823
918,11.65978836,14.57682542,50.61911759,25.42626233,1,1,0.273533566
919,107.1153145,13.11912091,37.38039656,15.39750056,1,1,0.533876814
920,22.97123489,22.71102913,61.86314321,22.09691163,1,1,0.3796644
921,29.62468868,19.00999166,61.36170956,10.95783273,1,1,0.329060902
922,58.97752455,11.47009094,43.36160546,22.28456886,1,1,0.472467658
923,3.009453252,22.74024216,53.21240609,18.83181379,1,1,0.156613207
924,36.80458348,9.60411544,34.31774865,19.30942602,0,0,0.350805714
925,116.6293439,14.96522102,2.60332139,17.49567807,1,1,0
926,8.928743094,17.38564449,31.09330459,19.69507088,0,0,0.216016051
927,111.9374881,9.819383339,36.7662859,15.15590764,1,1,0.515580382
928,5.389038689,15.74569332,14.58924575,11.96560934,0,0,0.130917434
929,60.49936771,4.78010397,45.02377199,11.49168125,0,0,0.34088403
930,15.93411582,9.449685806,28.21735563,3.139254167,0,0,0.135575955
931,6.104244622,20.32325121,56.15678589,3.7072641,1,1,0.122895465
932,129.8080892,21.26898866,21.54013621,22.78393935,1,1,0.639219963
933,26.63763702,14.37908671,22.05004564,14.63722443,0,1,0.280016028
934,65.25030843,17.25098194,37.0920799,20.20239428,1,1,0.49582416
935,15.09181926,21.43038303,32.38090491,23.70411544,1,1,0.293130881
936,60.21189219,14.49013744,30.61767242,10.17139931,0,0,0.366471094
937,37.28894653,13.75183139,28.05101683,4.930616466,0,0,0.234760956
938,2.255509781,14.35273742,35.7835154,5.430528064,0,0,0.082619378
939,88.49499082,16.36002728,45.63255093,13.12509961,0,0,0.50287618
940,20.77690801,14.19449514,41.15931876,13.58745454,0,0,0.2739973
941,42.12231817,17.59212175,34.57970257,13.88865569,0,0,0.367786493
942,11.87579281,13.48969478,37.29611958,12.34627907,0,0,0.207678364
943,9.928981273,24.30935064,31.77851113,15.59408631,1,1,0.22159469
944,26.91392566,11.05979584,21.23381107,11.31875722,0,0,0.247706953
945,19.80823126,18.09831344,44.1701919,14.01546034,0,1,0.284919431
946,10.83022396,18.17271476,30.05177266,7.967395871,0,0,0.176364712
947,33.32704496,23.02921181,28.00912026,9.726947906,1,1,0.301755446
948,74.26172659,12.11750988,24.95472147,11.17012392,0,0,0.385901896
949,47.39195776,17.45870066,38.1243301,15.84956319,0,0,0.407493459
950,11.56122077,4.26806258,23.86145918,8.474006456,0,0,0.141448596
951,5.287808418,7.921046506,37.33106603,18.4676115,0,0,0.156625182
952,90.78799518,9.624199429,43.57058032,21.98299287,1,1,0.544480866
953,38.8556577,16.06809916,45.73610226,19.34702844,0,0,0.406774118
954,0.461392393,12.28788913,36.80141583,20.72165333,1,1,0.06531863
955,20.81720031,21.2002532,38.03209533,20.95410378,1,1,0.328977735
956,0.970712459,13.08008656,21.80383455,19.38539846,0,0,0.079815069
957,62.5874094,12.35708034,40.77540705,17.84753821,0,0,0.452775473
958,64.59692501,22.21308251,30.06200302,13.56683324,1,1,0.438823056
959,24.16123313,25.45905253,18.94095088,17.40339802,1,1,0.302000861
960,9.718069549,21.13223694,44.30522312,23.87639542,1,1,0.258561877
961,3.442294969,6.13540701,41.74676729,20.73670982,1,0,0.133635925
962,32.32496407,17.03698582,33.08876385,19.01657558,0,0,0.360069631
963,4.672465831,10.41330871,50.57856895,21.24955023,1,1,0.170482184
964,43.15744695,20.04861802,42.48708412,18.04214334,1,0,0.424532023
965,9.71389726,18.75221367,36.69224229,15.65844531,0,1,0.216389908
966,68.28510906,18.45928196,26.90770823,24.16824556,1,1,0.511367967
967,41.54924374,20.28742781,37.5431191,15.06392851,1,0,0.38847315
968,27.83783383,9.410255848,27.73438213,10.9902207,0,0,0.253741793
969,48.3010848,11.02393394,39.43423774,9.963395521,0,0,0.332975973
970,24.48559793,18.31239288,30.07085789,16.67795881,0,0,0.308063287
971,5.85543842,0.372112123,22.00819058,19.27087828,0,0,0
972,27.10505002,12.74973016,54.59037958,12.70483945,0,0,0.307026429
973,134.0681356,17.85550436,25.64832097,10.45361982,1,1,0.510530297
974,24.14955959,15.84025355,20.08190056,18.3768484,0,0,0.288456973
975,69.69546118,19.36851575,56.40864623,15.34910701,0,0,0.509072236
976,8.744335434,14.97452944,32.42161113,18.50906288,0,1,0.206823816
977,68.5411949,11.27862326,40.14838656,10.12450974,0,0,0.387420388
978,7.321393776,16.59275739,39.1486576,7.653535617,0,0,0.153267296
979,8.572944496,21.30539751,17.70044322,12.80284443,1,1,0.17454775
980,18.11311077,15.93108335,39.02065792,3.347019917,0,0,0.166747954
981,64.41581954,12.86968104,31.98353628,12.44897959,0,0,0.396520354
982,46.84697027,16.84487979,30.88441725,13.99086107,0,0,0.375109892
983,18.65835625,27.76403378,50.46146028,15.61488589,1,0,0.313583939
984,47.93494662,22.92561449,41.09722392,13.11696488,1,1,0.407406197
985,34.17179855,14.35198258,34.09303909,15.80524073,0,0,0.340416031
986,30.47827827,24.23034548,34.14514223,15.0049215,1,1,0.346822818
987,7.282438017,5.272632425,37.29856512,21.73328056,1,1,0.175358389
988,41.35228887,17.66771584,29.72715422,16.12050089,0,0,0.37318813
989,38.64670167,16.211233,44.88370433,15.15379023,0,0,0.375908235
990,15.5162063,20.04459068,24.74645564,22.06057618,1,0,0.274543371
991,61.73223113,12.70571301,32.81718928,13.06294037,0,0,0.396570228
992,24.16635945,13.84653168,32.98719646,15.22322546,0,0,0.289784184
993,10.63402342,9.842472782,39.55403482,11.34587091,0,0,0.186069982
994,15.28614804,9.367400761,27.80140587,20.56885314,1,1,0.242188785
995,66.02886837,14.06245125,49.41477215,12.73839451,0,0,0.438472059
996,81.45599136,10.09655091,52.62361589,8.24699924,0,0,0.399375208
997,42.08435237,20.26488487,11.37853531,15.41330298,1,1,0.319574633
998,22.28795929,13.36388991,52.55362641,12.98794994,0,0,0.286221365
999,38.34102394,9.427211314,29.79364042,10.16990519,0,0,0.284927448
