,Acc_x,Topple_rate,Roll_rate,Acc_y,Accident,Airbag
0,-128.53334551976278,13.765433703668249,41.48297882065028,11.257175189929228,1,1
1,10.746492905851253,19.325247404580967,27.000041258582577,11.081003727137233,0,0
2,68.85722487766579,16.35282994063897,41.79687194857184,12.836890093491613,0,0
3,-43.26099581751395,4.7950478590620715,16.012463292403886,17.343161773210575,0,0
4,-85.75563274782687,18.372263412892682,9.304256619058972,19.913530035508863,0,0
5,-55.1172320460976,17.466159594023086,57.31214702303892,16.03033442500239,0,0
6,-22.043537193965697,14.228976113539487,24.051641466224986,17.347957369506855,0,0
7,-15.430921193973699,20.49361172891522,59.76484237539222,20.271338636326917,1,1
8,-0.06876906652908571,23.224435421673064,26.616880363494065,10.415857664956725,1,0
9,-100.84693318264554,21.535828421755046,41.636350864371146,13.275979304342249,1,0
10,-25.72562927268133,16.255316490706033,43.69535051195678,13.710061263213902,0,0
11,11.992320861427967,17.328984079944707,30.37254507944128,14.874690992860586,0,0
12,-9.008009492645929,10.074283725519585,28.892068375883458,14.697911730871107,0,0
13,-27.289100813507716,16.4906289762815,36.42654261708912,18.87603378540478,0,0
14,108.6675040623957,19.432386433533516,37.52543849510254,22.776537770943214,1,1
15,4.981649888933536,6.36957253552605,27.272452125172297,10.176153368639126,0,0
16,23.083854007385266,14.82420603581413,32.05653350289104,8.698786137020669,0,0
17,-46.88249290468096,8.313456113434738,30.001015262348652,19.491938451726373,0,0
18,46.351269734511234,13.802413562559895,43.499449837166026,19.394906758894997,0,0
19,58.64190289274287,9.321488085652891,48.615863569213076,16.93936990189885,0,0
20,-14.132579765267536,10.593723114437918,34.245816437492586,15.258470733929839,0,0
21,-39.46546163936933,12.992450151898865,53.026316744953576,22.956976679300052,1,1
22,-88.54660447574403,11.274890255494231,39.61888109330563,8.206248429276512,0,1
23,6.440377321449967,7.7167847294236225,51.64341485224001,17.543377743212694,0,0
24,42.91424318824472,13.827755620141543,32.002194443130286,14.26989408735711,0,0
25,-41.18664196987641,18.814184808545804,44.51112844221108,10.412391423034505,0,0
26,-70.19936238635246,18.48048340487484,52.516821121156596,11.880908384742249,0,0
27,48.72693483697245,16.621550230885013,41.64767622234045,15.12015859420624,0,0
28,-26.201940420177984,13.06693400862135,34.753565107440636,17.122456734073687,0,0
29,-24.702837864917253,8.985404433047682,58.32553854598801,17.30759049541966,0,1
30,5.473715023172505,22.493708925177046,41.817645875738236,14.823946477736136,1,1
31,38.5357503267011,7.725986617933498,46.51583425371947,21.500507220760287,1,0
32,-3.4804658116182843,14.731344804233263,27.598401583522676,13.047690307585878,0,0
33,-22.065112252573314,11.115076881884423,71.68150380270636,15.002157689989627,1,1
34,31.30920177103647,14.977513012395322,33.93438754989258,10.742083120303136,0,0
35,22.416522138738536,18.502379187109305,24.485486808520193,5.691439895322558,0,0
36,-23.835163695107735,18.988573191298716,24.96164064331797,17.689742644311277,0,0
37,-19.718480714445803,17.427039870334767,24.176906035720194,20.59709069145011,1,1
38,56.67002127549704,8.56425169827305,34.66053590119429,15.30344090972696,0,0
39,24.74504634266475,9.047426600725846,32.23305715328926,21.30472168133292,1,1
40,34.849433251964086,8.998350271207713,32.00409695994755,14.831198130288636,0,0
41,-36.643790461857115,28.201247818486838,18.83055069319196,15.224589450347958,1,1
42,35.51419534019994,12.20865429743036,37.29945084876568,23.639620465417245,1,1
43,-15.386263763530769,18.40473937771735,34.863582196596546,8.234964863972317,0,0
44,-11.868360173488913,7.1553712866654395,53.01086923472662,9.23452401356598,0,0
45,-59.98501470186321,24.7413725575842,46.4802683382692,14.662166510091089,1,0
46,-79.35853404438694,8.192218068806755,56.68204187186512,14.730954962143782,0,1
47,93.63050592923352,21.44554416167677,30.935979992713392,10.014607476155913,1,1
48,-49.42160793509245,6.830161200173251,34.68928935270965,25.91719151612405,1,1
49,85.31973857340486,15.330687863733505,28.853039092883257,14.413220393553251,0,0
50,18.498300212123915,17.23346035508792,54.42912072065843,19.272273140946346,0,0
51,-38.13877265370047,10.457883589243199,28.107988242272484,24.523504294533634,1,1
52,-11.396356953392898,8.855548530488708,28.309466350091075,8.846779421100269,0,0
53,30.725537863247553,6.447466050109956,18.105902579463795,21.660527488527727,1,1
54,111.47227300148307,20.01955329242378,57.72553983347359,15.918109191389034,1,1
55,-3.0903660066272423,23.68669278121734,46.73603485499862,14.391367064924093,1,1
56,5.997766281056176,15.066255666660261,20.405175020157873,17.952267934421283,0,0
57,1.9861083709247471,19.810181370765726,29.325605415061844,13.981944998260607,0,0
58,-13.80345730665752,11.420644148065414,44.19521400047833,23.835286047823985,1,1
59,-26.173050584876457,21.745655454857804,46.08886726700026,21.531811929498915,1,1
60,16.03430974157174,12.749730109134351,47.341230075400716,15.135036847308893,0,0
61,20.201180275831145,12.102496304466188,27.889719805615446,12.13722681415697,0,1
62,19.939360537071632,16.19622351093,53.68002303909965,10.747327279973177,0,1
63,28.042286907191897,22.735939905277597,42.18845065076742,8.479730038977987,1,1
64,-4.186563823826433,19.786951972548778,44.90780740255508,11.597513271368452,0,0
65,41.78384938088826,13.85962204110267,43.413719803537,12.392647429286516,0,0
66,-20.527451271740855,12.275676280965982,38.61387541127536,18.992041473707353,0,0
67,-56.23960462658986,17.873464377710057,55.24263695899678,12.780836936685391,0,0
68,-21.74598689890531,15.120096628903694,48.448882207697466,11.495436153613579,0,0
69,-67.38078749169884,24.64197171941027,31.482838529662036,21.164771502263857,1,1
70,-98.26444835426688,7.601489217949059,28.443587519070896,14.70175087368483,0,0
71,1.6455674604892327,12.25713773792367,28.416649809108087,23.646291974319922,1,1
72,-53.533516629468004,13.714609368186917,36.25031262242464,4.81784882717788,0,0
73,18.501698829829273,10.885028054867263,12.349413124461321,17.839416363673934,0,0
74,-3.1640249770598574,13.53349807807351,47.29652483987496,12.654066329576807,0,0
75,-0.29144403016155196,13.520869613898387,44.51254310183977,20.971828164959945,1,1
76,-2.0184403829034276,13.803050055054104,42.18215424530801,9.880015274749107,0,0
77,72.31977652173524,12.909115358165863,22.36999657241126,11.04714073204504,0,0
78,4.241743546392116,25.15387843617347,32.38218723291831,10.48498375515841,1,1
79,-57.63116388892905,25.936762728471063,49.07082627011975,16.35184822530156,1,1
80,87.38357342011929,18.92294673791322,43.44266351703088,12.669422173361006,0,0
81,-10.691777268039461,11.520978527917427,40.60667276053682,10.386948998679125,0,0
82,-26.42987540329571,13.2934148551756,37.97312961028935,10.919850028925051,0,0
83,4.073428459051179,10.790990034432504,47.42008707077656,20.55742852759321,1,1
84,18.183539266063526,26.35519826497884,36.31959732346965,15.309846241764806,1,1
85,-51.80447007605689,17.40872728789414,53.96153724613844,16.89819814984042,0,0
86,-75.141940055878,22.676367427901088,48.090377696532734,14.314366490804893,1,1
87,-106.9075075122405,12.91695815984351,21.69356512132272,16.321912740487114,1,1
88,-55.499420584227096,18.29038687684476,57.05631320989647,18.89584420639055,0,0
89,43.46648779609165,10.462796658204898,37.39974458937869,21.35677770824831,1,1
90,12.589250767284272,7.122746907668864,41.16930206220209,15.896578488580245,0,0
91,11.049637344701411,17.92003003153094,37.65078919766492,15.63088791530933,0,0
92,-1.402687091009444,16.721320889881934,34.915098977570885,17.01270232664881,0,0
93,76.67541646823265,9.242659380222253,22.708813478346784,14.374069765484256,0,0
94,-37.49813649878016,11.854661487211605,25.496490967957577,5.805218919283524,0,0
95,144.81554649440918,15.908921764444374,18.215055918288662,14.343550806071638,1,0
96,-4.856604676492393,18.772966232006535,33.301408354968956,24.11527969921672,1,1
97,-14.755482059876767,10.513066506348066,43.98659877910954,18.842764543832555,0,0
98,19.48627373578604,12.063671082802237,49.561413988450866,28.04781358130596,1,0
99,54.49419736230039,17.41330064305919,24.02668274845221,10.838026930578838,0,0
100,14.187664025008603,15.189823247121552,47.636913151119494,6.657442071528086,0,0
101,35.481254286901475,9.347626720808872,33.445894612515374,11.939638086083917,0,0
102,93.34181223315487,11.97265133512966,48.856274467066655,8.337322663809553,0,0
103,11.269055720199358,10.248248743488608,41.218762025435815,11.185153189983716,0,0
104,71.71072113092141,7.115386500734754,54.657955221352964,15.601226890176193,0,0
105,-29.37647326292261,11.017553736858238,24.95279779034902,19.41621025246349,0,1
106,-16.923779971366372,15.364066804718892,50.03638673919913,7.132048293513192,0,0
107,29.09017123438274,18.97985347195778,46.19588079925382,17.509884981249584,0,0
108,-59.712345835759926,23.655805137814482,32.5374672484137,19.170932975202486,1,1
109,69.08525251345115,19.503602943695174,16.705974533750084,8.323125665058583,0,0
110,28.232125264964065,22.598523932313597,31.104718413764026,13.674256690999966,1,1
111,-62.10507680178326,9.949196151316944,17.976866515616088,15.22668358280501,0,0
112,-2.2288074831556206,19.987579736430696,34.359408046252355,14.837532782440414,0,0
113,-12.373733475477422,22.870154077348197,44.77119103006377,12.869089825700522,1,0
114,40.391660823866374,8.483173172860454,26.643528986523336,17.1166551382942,0,0
115,-29.0601674769994,3.6536407251495344,40.44824888506617,7.680359246249601,0,0
116,-32.750450030483506,17.44860101697092,42.837613243422645,20.0951903916921,1,1
117,50.78423947485346,12.868472753638677,23.259920526066843,20.36622580735144,1,1
118,35.031829296058525,14.505687949266811,18.561209124629514,15.512563899965714,0,0
119,-106.15458239882099,13.3724011027463,26.714858684289155,7.199752271217415,1,1
120,-19.44204868491281,14.984246849085013,50.79721975428113,16.909500750943273,0,0
121,-11.323898136292014,10.604632891343492,34.9501288520288,8.615324753668052,0,0
122,-43.56169837272728,14.6652593765297,24.125092070986796,21.560539095219998,1,1
123,42.05976811747064,13.48575700024391,37.96449522614989,16.801351678202295,0,0
124,-10.709933443112641,18.334610733922446,30.848509998484477,12.292886184064075,0,0
125,-11.954384002200193,10.314316691788193,41.717940664425775,12.784050672756377,0,0
126,76.82971353826348,19.081261846423256,34.68665706076021,15.262616325887649,0,0
127,-45.61044419294666,13.487116429127125,31.586590144130398,10.619508576505254,0,0
128,-11.763806585284101,13.664695981084183,51.329910676570556,24.23666778845621,1,1
129,8.39398070276937,10.47504883051671,47.168099106360486,15.082850964649495,0,0
130,-59.38330829571241,19.713160247780856,44.11984506386838,17.943130134435066,0,0
131,-63.29679792318704,5.450742934087254,31.559439175179396,10.982196832545949,0,0
132,-20.48144022348737,20.2304063625926,17.2603915136221,16.561358302580178,1,0
133,51.06348205633604,13.532587491638804,49.814780059879034,5.787731967102838,0,0
134,47.13191876189102,12.78367709182331,18.536851938703226,8.414870883087936,0,0
135,-44.58541328003817,16.662627020225784,49.36417737530132,13.415128856308012,0,0
136,-48.95413119362523,15.682901817398928,36.695487734405255,19.428217744891832,0,0
137,-29.860109219652585,2.905969797713226,34.97419006820644,17.116151374820003,0,0
138,-94.72839596587013,11.255786541968188,41.01094048113447,20.710833938022162,1,1
139,-74.44720952536967,16.54629741147873,28.80888040835931,16.186503952193373,0,0
140,-116.1185541018496,11.541983800167442,18.500878481432412,9.506063314854885,1,1
141,-0.6961425981663205,17.60948756610486,45.647824387105096,14.23720429762802,0,1
142,-84.01395806549765,13.52123444783815,16.018669916049355,15.5538358980487,0,0
143,36.66032662407973,21.00153010963747,52.25454304353873,16.789623442193733,1,1
144,-13.99111863834221,8.34726307682366,25.270639146943175,21.8569687966121,1,1
145,-28.70605844459418,17.640909015105137,46.07472253126352,22.810257863271865,1,1
146,56.54793804029502,13.283518342010256,42.27994590200728,17.96075734988743,0,0
147,-65.37179884218249,15.747169801637895,23.15329861506065,10.358203539958465,0,0
148,-7.155179851963633,11.666674835904415,40.59153390159943,14.620601973745686,0,0
149,-25.502910455073764,11.376699702945121,66.97246450827797,10.5318377388069,1,1
150,15.50363971092624,16.554346338086,36.75908962180935,25.535782158655653,1,1
151,-50.339959561301164,12.688468115525199,55.58269057112355,20.941258251428227,1,1
152,55.22681185233288,17.387346738872438,38.05954224920203,13.004576526732514,0,0
153,61.540586643759,14.884853212682208,45.06885067014383,10.16299803816726,0,0
154,24.37963807736269,15.099853165181178,23.33106795414412,18.438086926587754,0,1
155,-52.50143870502873,12.451462428071011,36.82995986961614,21.215981024997813,1,1
156,-31.96308058269453,16.48538555345842,34.21043848980567,19.754120365238737,0,0
157,0.019164476935314985,15.79676300324864,30.010117133049363,18.45060210182446,0,0
158,1.8757415818403351,10.64419087461551,50.83276568481793,17.700787625195595,0,0
159,-54.73202225702409,9.377437913096932,45.00061113520164,4.903288803708314,0,0
160,-5.483906039210625,20.560755017194182,49.41838365194269,25.292129244389468,1,1
161,4.6244703195460835,17.638691718885696,31.105716824558556,12.996859866703105,0,0
162,26.201319290231673,19.894289173991798,23.53911743639918,11.237506101076933,0,0
163,12.203158472355753,16.045220154872634,40.0280509857583,14.803788095131981,0,0
164,42.80074751919535,14.960967959652063,28.9401266864517,20.628453020987752,1,1
165,-35.10619804825733,13.549021006373492,38.76079445947642,6.147566380072195,0,1
166,-3.573390978482671,23.160636234966937,47.096711151255974,12.949283754393647,1,1
167,-78.23191488241277,28.3846150931303,52.71750533954709,18.825628733034367,1,1
168,-59.98740037772784,12.768100058691115,32.7181565581136,16.183707450506905,0,0
169,40.16536196929466,13.715164918195192,41.046226499709135,15.873263742463553,0,0
170,6.287304466552326,8.233197736608478,35.01207927774512,19.88732360672168,0,0
171,47.30002437272799,17.483047729431412,35.09609681715423,15.444212756768732,0,0
172,32.0632205937211,13.07847182667344,36.117707175443236,17.380162521341127,0,0
173,3.9903333565590513,14.968906814176623,47.937254364474455,20.812498860407754,1,1
174,39.82112882237821,14.88636033893909,49.52429962683991,16.843947292466687,0,0
175,13.570681371810931,22.97837804488387,42.98865549756594,22.349542381847595,1,1
176,74.3231510988511,18.69091821403414,37.65370939062153,16.382230589092657,0,0
177,8.277982605583762,18.783979929402044,28.46842184972623,10.316618042592122,0,0
178,12.821310786483211,8.630787423699442,29.747627540556334,18.647036473774733,0,0
179,-19.989771423448573,12.274302156298772,34.27413555367262,14.054421603339073,0,0
180,-48.505583640601714,11.41210404570294,35.1850916952906,10.795255954464295,0,0
181,-0.6762748862203299,8.353260510293254,45.32596864743871,21.52523419262507,1,1
182,-63.3918363269163,11.508594890701845,51.79127574520711,13.171740987477532,0,0
183,-40.756320465600176,8.011504229890129,49.39128164579741,11.472734873124086,0,0
184,85.12147499357229,19.495267915863426,36.53394956052693,12.184178976244885,0,0
185,15.140278031055068,11.196354454239483,35.7328801394381,14.45450534697456,0,0
186,28.73908445105914,16.35366889294848,29.822833415879828,19.244578623168515,0,0
187,-51.867504747329406,23.671656275473413,32.31907224038686,12.370297979716781,1,1
188,-119.44796272044861,10.708152637681252,25.776972728199333,18.85746642965618,1,1
189,10.976033197956975,19.95273713446386,36.97899175943051,17.120939929556783,0,0
190,45.110768193288365,19.936835531362114,18.58792878212438,14.037251790938246,0,0
191,-24.466136056199943,16.031776208640643,51.76185543099903,13.922215260460096,0,0
192,-90.75049852623457,12.039802254471104,31.931713914205574,12.260510273350485,0,0
193,-11.242240543948359,5.343479680925476,25.532285507952096,18.391684905622007,0,1
194,-74.8222855238055,25.314177890282366,53.03460835556708,18.88305622145513,1,1
195,52.5985992531404,13.229043774648261,34.64007206421081,17.354059095997318,0,1
196,-17.09351222771009,8.216781305685648,29.499127978488232,12.98255398482076,0,0
197,-0.711962523015917,15.857829980348823,41.039775995510034,18.93256071441289,0,1
198,55.003237643327196,3.35696725722293,27.97864212397756,11.033988840749775,0,0
199,-11.723347765825205,18.47354014160983,49.89925342798771,16.584151964219302,0,0
200,55.480587555563986,17.743409107104306,27.797934308641814,21.145143676270237,1,1
201,-46.507311642181904,14.737849868235397,33.098162775523264,17.44094972887582,0,0
202,41.42146882577779,13.484354690040114,47.7384236392641,14.561573131699976,0,0
203,-9.443696761006471,8.802945902669586,16.461655599246797,18.034843329706675,0,0
204,4.40452216556,15.083661356340983,53.180213584723475,23.315734844838197,1,1
205,29.383790560151045,12.92290152183339,36.55910812943543,13.638536738997978,0,0
206,-59.955364097464404,11.173942541076919,62.22792355267143,16.704843893897973,1,1
207,25.870217297252847,11.357172874418296,24.52109926527383,11.886541659521953,0,0
208,26.87142178899214,11.180772615145383,3.456382516237852,13.317668615770012,0,0
209,37.48965140118738,13.943266954642818,52.38470838179675,18.187693237405956,0,1
210,-24.696506801084528,16.45242422066817,46.05027395408973,8.728143274129959,0,0
211,68.10888361028007,19.124581392753456,31.221703965307277,14.711856623667021,0,0
212,45.093494362393365,14.0234907532204,11.25338553979736,11.29176799023165,0,0
213,41.065969759942355,9.146201852940887,42.725008324593425,19.4072284392675,0,0
214,17.914388778410185,8.591063163813851,34.16420985354827,15.321241805529299,0,0
215,32.11077731990872,15.321440521156754,49.251767991428636,10.38800689927358,0,0
216,-73.51277402389718,16.16059736120773,27.478212095933102,5.444731366803948,0,0
217,26.39803624603523,13.748181777659997,39.216834489794074,17.870791838260256,0,0
218,-28.353388924543932,10.055086857510787,14.368440212425725,5.415204217243035,0,0
219,-85.71759627494497,6.550360636380688,44.551444369100615,3.2569225972604325,0,0
220,63.77856031808689,15.18715615415553,47.191979853761815,9.452186609876577,0,0
221,-50.729601785261536,21.540336028162812,40.740431441486145,19.5715503604805,1,1
222,-23.267189685041338,22.448827965657497,33.017429325555135,15.642569231206547,1,1
223,92.90041902737559,20.90989507079122,45.79654119143058,8.707889850420848,1,1
224,63.06318167336613,12.394054472436075,45.34019509745335,14.698573495333582,0,0
225,-60.218310037561764,16.779349946366576,35.32448156778287,7.678688403898413,0,0
226,-80.22448948055457,12.71906329863574,26.159193621935,13.405781863166293,0,0
227,-31.961739509461616,26.75246755786865,39.82857860289222,23.13800961574476,1,1
228,-55.92916301375791,15.72529833131111,58.86069278441375,22.26162623473308,1,1
229,-3.170770840451373,17.414694461976794,41.19129234077935,21.577249594804858,1,1
230,78.3163717441947,16.452399209316468,58.982854497394,15.574439776587326,0,1
231,-61.27774344647747,10.239392546327595,20.4238912775189,16.39887999711851,0,0
232,6.894067189748568,15.029840249322941,30.023516923709355,20.390404148520343,1,1
233,-34.952275409265425,15.469509342404166,35.9594675248636,20.677277462303127,1,1
234,-19.63041985709941,7.471269817302989,4.092661749359891,19.266760076256865,0,0
235,41.37570093136291,19.733132641359404,38.41308752362257,8.222866992552573,0,0
236,48.70336390306688,16.19302093860082,35.87498943092133,20.399949886626057,1,1
237,47.36738719849397,22.510064801511795,40.199158850672056,16.987683779699918,1,1
238,96.28645677516448,12.39859921080539,31.669562779251045,18.4700822124899,0,0
239,-9.922809601602673,13.400683656391717,43.1127111230708,16.4683334115776,0,0
240,34.49736473472144,24.751298482862573,46.76770548778421,13.21157528723673,1,1
241,74.02174687026925,7.439270980208778,57.60790029813802,11.625768626787067,0,0
242,-8.993252197993877,19.35489425560388,21.55829008045909,10.700686941095798,0,0
243,-45.91718954234133,25.340004250893863,47.746770400042934,11.165025656031592,1,1
244,-20.202618294329906,20.622599707909686,53.29815806014913,13.927003613308983,1,1
245,-15.836106935694625,19.212525106574187,41.24903778693233,23.462191337544432,1,1
246,14.157222630015292,16.783550614193675,18.337889973914738,13.479213817777604,0,0
247,4.947829065895219,8.214714302593,38.069342422164326,9.057455450101749,0,0
248,119.95656683910812,20.7065437717523,57.929833399668496,18.585262598226773,1,1
249,-27.272844322367167,18.324528682987147,59.18137200416577,14.788776647747895,0,0
250,38.575198284608234,12.074536618104572,32.16690462359451,11.703694727920167,0,0
251,-4.158215393946869,15.450289714446027,27.920809612704446,23.649003174279812,1,1
252,62.05088457955269,12.342317935364356,48.29714738018781,15.272124347009203,0,1
253,-3.2570678503753823,16.955759412518134,26.49932549319481,17.885184831791445,0,0
254,43.90051944169217,14.583852132592911,35.668410869759434,12.127502351008555,0,0
255,-6.399849099042459,12.898808084272204,39.3923280686897,8.797230070076175,0,0
256,56.380200807737744,1.036978819589807,34.593623423752646,5.312995642758246,0,0
257,47.31473028222361,12.119751187906477,33.39701728613045,12.975050881949318,0,0
258,29.48223529393299,24.868890241446692,44.385289879179865,12.188959677963249,1,1
259,-12.819990129226824,15.233300916353931,24.412318206087654,22.32237717323359,1,1
260,-15.748956105271935,14.152892874609844,34.394853178318584,12.526997651884425,0,0
261,55.58711860940808,16.470798277382052,28.53482360147042,17.376721632162013,0,0
262,-55.926374405638825,15.681002617546776,42.4385150370133,15.811384047046776,0,0
263,96.57111770658487,20.93560024840275,17.3383379429822,14.315695808875747,1,1
264,2.772273790942334,28.227095601524894,49.7189770988014,10.731766512043688,1,0
265,17.17542761143869,8.741655821891088,50.566338197761034,18.058721621953644,0,0
266,-37.13012559270344,11.602591980665782,39.55916438498999,12.321277419664137,0,0
267,-0.49403163281258183,10.206448535795687,40.38504411113269,17.88123906983034,0,0
268,37.61973508594842,15.84608835201889,57.728136723789085,18.77789208605294,0,0
269,-49.96541859676417,11.093607209591905,24.79789262396463,20.440213919681298,1,1
270,51.84966529837215,15.92525881325089,31.495076408189426,20.417216840418547,1,1
271,-26.419611858419596,20.83780268682165,42.12808758422865,15.272495703150934,1,1
272,25.62104452956814,13.512799304650803,38.09849337755553,17.101282052495115,0,0
273,54.17871268909321,20.781786713690362,41.730715382373035,27.47847062298264,1,1
274,-2.59359678821012,6.785502544066853,24.64814639478257,14.089569307193587,0,0
275,-67.17710287411563,12.622462780200442,53.36584934355125,20.885485582625623,1,1
276,63.15631101756618,23.61523805750946,48.45097570777773,13.693453595218338,1,1
277,-12.308100251299269,14.645565459848923,26.044947682722878,24.67759414286846,1,1
278,-2.71426511604289,8.329223130463411,24.136349016633723,13.50744167196437,0,0
279,-7.773577425835241,15.926719467711022,30.92822409425652,18.509220919087866,0,0
280,-26.489692094838574,10.263735855873147,31.467273168007516,21.916847011717767,1,1
281,2.256526528271981,9.772976021288478,17.530115072956434,9.596883770011974,0,1
282,13.037781185237904,9.383783233169542,40.177399335565276,18.582586565109295,0,0
283,28.70245570548491,9.23386584975529,34.74250126046561,23.84556735471545,1,1
284,31.8878589769069,10.232509636518865,21.626619672653185,12.32488546214955,0,0
285,-29.006172168705668,17.78641172645758,55.602583603915534,16.41688657049093,0,0
286,48.228514396855836,19.373419933834114,26.060733841650837,14.512838054538477,0,0
287,-29.89032741424466,14.117411697449379,36.888008568543285,20.98803502679701,1,1
288,11.50328267880602,10.004746892571957,33.5486439454558,18.564391304543587,0,0
289,104.87295857094084,9.504223046496554,17.020488785978557,14.707211666913015,1,1
290,-1.2366110861057724,13.587655230144492,40.916481863055154,18.74938028844909,0,0
291,4.480476900727322,14.256670386872651,65.35133708952984,15.96704735995523,1,0
292,-19.821575232878004,19.756503457896972,19.606565235035024,9.933409611821673,0,1
293,-14.73875974411922,21.172807796463164,48.56520449139495,16.363509895087745,1,1
294,-45.37239692446329,14.921363032258611,42.40063026761617,16.647331766408065,0,0
295,15.425905755664452,13.974631424749596,43.17461601937159,11.39109404557702,0,0
296,-34.84568923877347,21.939979790693624,51.06309069293103,17.77686848685867,1,1
297,-41.36396068941758,12.32706870372569,29.27924128443704,10.072142455676294,0,0
298,0.0006058380049097364,10.699263300872996,28.713570509882004,23.152787729504283,1,0
299,12.03438434811583,23.35834910818013,52.845896937492554,21.47533024186187,1,1
300,25.44958293842907,14.231637011619188,28.628775114535237,17.79179983654002,0,0
301,-51.52323749701318,14.153817417206273,65.59808204065807,24.979693450366323,1,1
302,16.64344271172487,17.023323132114015,41.71405020464676,18.959947065936966,0,0
303,39.864442566160285,20.212127801445853,52.98094286272392,19.191027132327772,1,1
304,30.319014698107072,19.366810353691555,40.99271551670337,13.696887499208618,0,0
305,16.705485600359125,15.549067440379032,24.82774145037827,17.58005689590509,0,0
306,67.93613444522178,12.541779691909543,24.15322945836383,16.888612403472695,0,0
307,-21.162416568485927,19.713898922404585,32.12018546698751,10.333422836522487,0,0
308,21.743443155734,22.92862938878743,31.10904478347185,19.64040009181371,1,1
309,-12.29543759975923,6.812095146177674,35.20990212918443,14.506198925521014,0,0
310,13.404134659846662,6.718042051418481,19.842231412361713,2.054303090629105,0,0
311,-15.64616311161558,14.187085087112207,29.88582197659552,11.838597852410068,0,0
312,-31.227324442374798,17.411508546116046,42.36423763458845,12.018239354942981,0,0
313,-32.52033570277094,14.402814567435236,24.492411749924877,14.106646359732808,0,0
314,-1.5284025252171203,3.6702891125270725,32.00523985289067,13.003992274045018,0,1
315,8.50421097364857,21.716761306390314,27.45931976198235,4.304932150915921,1,1
316,-24.157404792232263,15.348907028174432,37.2838764548738,22.772231089399334,1,1
317,-42.91765304802351,17.809838976307454,37.622807226502275,15.347634818252729,0,0
318,-64.11901278811725,18.19923879777666,63.437042446153725,19.013537183107417,1,1
319,31.26404683627947,15.262876598563238,32.717795901464754,15.660284072858124,0,0
320,-0.9641781834404487,11.661491801243303,14.379599962574389,20.579042518890788,1,1
321,-108.92510094268121,13.494261296629304,46.495134565063985,9.419399335284343,1,1
322,0.6187878977163462,21.083972450241404,40.243708185313686,26.578585300536602,1,1
323,-30.399716661130377,19.089002428355318,38.50576581750153,13.03301463662713,0,0
324,-32.53200236743624,3.7791792846461973,34.084701905950105,13.484248255420127,0,0
325,-53.527513857654974,20.17535313490364,30.489441650220027,8.674604247859797,1,1
326,-34.12521252952996,8.372378836179504,31.631735461488514,16.280248193150147,0,0
327,-48.95112440007573,16.251125451297334,51.3319789835316,15.878272919038748,0,0
328,-30.799047709355733,7.048149252558669,50.32525697570594,8.922995055983645,0,0
329,-15.073152786362945,5.760367248550292,25.07082353991882,21.92807076198843,1,1
330,71.85368488786615,7.226346860433531,33.17440059181009,6.461560377447835,0,0
331,-40.17124057624882,17.174334272355896,55.018881268634814,23.703107653242387,1,1
332,-7.4493516031598235,14.106572871765444,25.157174029254104,13.431888161697918,0,0
333,64.21814357978948,13.177037966675911,60.42068692653962,16.351579252258674,1,1
334,8.788816144633739,18.153501954952898,59.9048810881625,19.643664862014266,0,0
335,43.149493259940954,17.856376385789915,52.58673371020964,9.133065312442415,0,0
336,26.645232791166634,16.743093677087824,33.85851662932232,21.60193831912666,1,1
337,-50.28492595062441,6.745742551543387,34.955575574238935,14.884502985143898,0,0
338,61.15824901625522,10.18495003294645,18.216781132318253,5.706185957897214,0,0
339,2.425254303566245,8.205337247386158,47.67912139712014,17.45334699396691,0,0
340,17.680833451583183,6.412366024451115,30.31639590476977,12.229715631335093,0,0
341,8.535542760591335,19.447521610951608,33.35137644883483,6.6429132266318796,0,1
342,41.47433003084664,16.395261128887885,63.37725546125045,16.075583007084628,1,1
343,-118.64252288614293,4.286302678996925,35.0934061546423,16.255563721718175,1,1
344,-122.75673208475442,8.537116233413094,45.72572904856908,16.822516512970047,1,1
345,28.350850666562454,9.587160833056387,27.760519314119016,15.849375221721855,0,0
346,15.12534233036997,12.598329025702006,41.7972282644128,31.188542494747228,1,1
347,38.13075467987198,18.39726914337711,35.0465478947344,6.409945216494931,0,0
348,-3.155228480436069,18.67317378768863,14.670664999441183,16.767846516555924,0,0
349,-31.832903435889587,21.009433168503485,13.879588812308466,18.380210392730728,1,1
350,6.32621657158267,4.259708551455091,59.82931389830914,22.0171654517559,1,1
351,-147.1743226652838,20.617428671884035,41.1753379767464,13.588942054497977,1,1
352,64.55930034521869,21.4616103044838,43.47180873224408,23.23313745207836,1,1
353,-14.711465443692095,13.529849975138815,43.73807673223885,14.230514630411452,0,0
354,75.4985430668254,7.558274017541285,40.9877980301615,15.906569550225962,0,1
355,-70.26765652670683,10.652410523816602,11.389489826635057,15.497861395007302,0,0
356,6.320312646196115,12.21160314445708,26.196524769560497,13.144162503521466,0,0
357,20.536738286632,4.007209563034024,26.64957162805788,10.545852619110688,0,0
358,28.20699445905029,7.763029094726016,38.32509235426154,23.350203453245147,1,1
359,38.559941508825666,18.510580482309525,31.188055467171257,7.86676755369199,0,0
360,6.976800563165969,19.925682203106163,15.707813808592501,5.609472071458262,0,0
361,38.8994704572456,10.903213793026605,29.823569457745915,21.122362996370953,1,1
362,-0.05397902902445713,11.603929748432323,32.548481160248194,13.461724042917268,0,1
363,-58.97106497584449,20.56401014049817,28.586727653746998,17.8918321834878,1,0
364,-28.253185025292705,13.243787333164645,33.1249184345035,21.597500743138383,1,0
365,15.58404924796978,20.97607894067636,38.55062440788321,22.1600618633407,1,1
366,58.26791250665009,14.819631399765901,38.87736249384112,16.827388928812546,0,0
367,93.12341729385875,12.593214131904366,44.151521933416824,14.060616495114067,0,0
368,-4.570202908566571,13.464173353831782,55.370347033486674,17.167541578596428,0,1
369,1.015348115911115,21.17350046419388,30.587480616636807,22.020115737316583,1,1
370,11.018461432925724,24.63297685565606,38.61264051867545,21.642410530107462,1,1
371,-2.621963140690913,8.376949735858416,41.196951100067245,10.971422075490612,0,0
372,-17.026090025869266,20.708235775127772,27.116077209725717,16.825118713436456,1,1
373,54.523184402097705,16.379270718082985,32.21441099535598,21.50067901052468,1,1
374,16.19388023461009,16.71445115717099,40.80788245655015,6.89591462685363,0,0
375,15.372718223822973,14.164949005551465,44.10123150902619,10.555062415208642,0,0
376,23.937156935944053,18.603647766871152,44.10349852383471,14.268665134345936,0,0
377,-21.76490776273625,18.139599236534604,31.489015813792612,11.205817205342765,0,0
378,-36.63817076449389,13.706581730164492,49.06869085037408,16.850932729224617,0,0
379,-9.440798149863683,12.847603298906325,25.393143451856645,9.981925654539372,0,0
380,20.53764049683329,11.016804376528329,39.6351871719214,18.260790745226757,0,0
381,11.937653775693576,15.053988033741437,32.10722336045884,22.4788242554463,1,1
382,33.063854319785726,8.245165136101635,53.83449244610945,13.144099465297389,0,0
383,18.032984303469757,18.811685519777825,56.403322097646715,18.243886450883878,0,0
384,27.77547983715656,19.37984661625006,33.157686139954286,13.048784346463446,0,0
385,14.506922404280518,14.446960771373424,46.68558902530927,20.429223414403467,1,1
386,25.31868305944488,9.182406373242673,42.627735394144736,13.544347032229194,0,0
387,33.353327179693004,15.230433166078642,47.64524440024864,5.963331212578689,0,0
388,-44.95552057927888,17.859455240294892,37.901487805493666,6.303300429494605,0,0
389,5.7139011431741125,8.981364633537641,18.888412155519003,13.969159635058398,0,0
390,32.90048079061732,17.11048677617803,34.48166956426244,17.234743477933204,0,0
391,8.957635652527845,19.050046247982102,32.51077157681111,12.689333766191979,0,0
392,47.8269053653602,13.025967438098458,39.7305625323029,18.730401402395678,0,0
393,-20.09298152332297,13.329953926704396,22.066969766930804,5.888512235726841,0,0
394,16.269796526359094,20.684567412262666,23.607323549749324,4.428593049542144,1,0
395,74.47732874681789,19.082817608756606,53.68693574900824,10.001881138149628,0,0
396,47.35479192447115,18.498700642666105,47.25387801141877,18.622974009170594,0,0
397,32.11885041047329,13.372562206631429,26.910096734009645,15.059963869126799,0,1
398,-45.48200604119608,19.463855469680798,20.222647999101177,19.135105688328537,0,0
399,-55.725048364791306,12.421302176553622,55.477526766201144,16.28089086370599,0,0
400,-11.015320504472099,17.902411179940277,46.16012383649974,15.430310688687886,0,0
401,-67.47963123499503,9.161919220567718,60.82119327287343,11.272992929915267,1,0
402,-18.82555729847453,3.624997578305944,40.66951676486713,0.9083536722909891,0,0
403,-1.0517021882055115,18.647250126815383,45.697423308908974,12.76277248364971,0,0
404,-12.221380853940612,17.798864328491437,35.033717166602294,17.174300467773147,0,0
405,25.014172042278144,7.236925632381269,55.365358580554116,14.223694575862051,0,0
406,100.82080968517475,12.256314945011004,42.82771368102184,13.93379501129112,1,1
407,26.72972730257707,17.693745386341025,55.85312405367526,13.257643295030984,0,0
408,14.827534843548168,15.087122459135005,22.52778161554228,12.560923593085459,0,0
409,-9.870456210976252,23.668034879316927,38.133695744959525,12.678506965920395,1,1
410,-33.05900056774768,24.13965393255628,20.408652664759543,16.318581323519542,1,1
411,24.600540426284272,14.87887211828708,28.502328989409218,28.34249423161286,1,1
412,-28.820367324771702,14.567829942233132,27.049308901364167,13.802541992133948,0,0
413,40.95906435331821,12.304711394408352,25.612242342592058,8.383566642136262,0,0
414,-57.29617685264646,18.946976345383298,30.671127429530223,6.800951607493049,0,0
415,63.9988936388504,10.197695954478624,26.066663763101765,13.613214358908904,0,0
416,3.9486577126260074,10.64695001861957,44.333841415140796,25.026228243402265,1,1
417,-5.216295704992871,11.89512229576781,19.050328004612535,14.280075921009528,0,1
418,48.63120669774633,13.200805790028447,33.92117237608501,13.749953478544198,0,0
419,14.178289836035479,20.57355443373347,36.26298016981511,7.912056704431548,1,0
420,-61.154467725897774,13.027553562559984,41.1534141205201,10.375233801546509,0,0
421,-51.537573639247384,14.365967543929122,46.31363575117827,20.439360676222627,1,1
422,-23.512651306887385,19.660911577960906,14.072865074603534,15.942980271139367,0,0
423,128.1329843784268,18.392307463936596,50.851822881628436,22.332318817936933,1,1
424,21.259772105788276,23.105072285165186,31.953813198398088,12.752028848543508,1,1
425,72.97705386447743,23.37159024266684,41.29849471310831,21.228246373829272,1,1
426,-54.4771846535955,9.761342652685869,30.829398990379445,20.745451307684323,1,1
427,1.5095939042851665,8.768212003681644,22.19101215892849,11.493598506554083,0,0
428,40.85131633814241,9.18295305783437,15.975935790168752,10.841092191869503,0,0
429,-18.15879391513358,18.343777343526277,51.904955962858295,21.914819649922368,1,1
430,-2.455115763105808,20.785109291893026,49.34822916889029,20.42185303569986,1,1
431,81.11353078023006,17.629677599139416,51.83583588974117,26.833619109437645,1,1
432,97.01346317910719,17.533588362003385,49.2454017249627,9.78671629384478,0,0
433,75.99552530636366,18.737344609147986,38.33284164747693,1.4947068636574752,0,0
434,9.732711445194937,14.187419394690604,7.455412569066656,16.927960599530333,0,0
435,-52.606219684479996,19.770241923319624,51.05394416648697,8.010289888352577,0,0
436,-75.42113498734065,18.04266598463188,38.53881484391772,13.143736424609614,0,0
437,-39.443386540571375,14.153688170313828,39.776494713602,8.239502275826393,0,0
438,-25.73557909756022,13.851398912583015,27.622726907469954,18.17468480059402,0,0
439,56.254972116583666,11.434306388508908,55.29247577591836,22.982727845813255,1,1
440,0.5803448944059745,16.094638140076576,42.52850822586173,21.772305576312377,1,1
441,72.65028860824052,15.905518895760714,55.85750677150244,15.095406258923044,0,0
442,-15.240519375349725,16.62584675887555,40.909291709290784,15.837578209809505,0,0
443,-17.024014535375503,15.04932916338062,43.01480532796806,11.703605452177886,0,1
444,-22.813438423125266,18.605188164202268,38.96000724011573,16.8170562972645,0,0
445,72.13757349720674,12.008501664007266,48.57983310254737,15.423033384984002,0,1
446,21.543055901094363,13.478376996450638,47.638081675345816,21.215518830240082,1,1
447,-42.100999695835874,20.761881681631912,46.550976713417995,24.762400352768427,1,1
448,-0.8388642663261,14.78589480430602,49.5935857443566,25.08061523867358,1,1
449,29.020530974412456,17.93201070336642,50.411443551456074,16.63842822224747,0,0
450,9.148044732641539,11.68574189747634,23.241287596128274,14.628148243981217,0,0
451,-4.560042783135042,25.262828496015693,40.670867962260985,14.867196858886553,1,1
452,-64.63957830745576,13.067849798305756,31.790279538767518,11.978742327526296,0,0
453,-34.950025058829105,16.208999519762962,23.06792727030468,14.000773642493547,0,0
454,59.575475386205866,18.142921891256044,63.55410230711295,15.545336864536974,1,1
455,33.89587452664381,15.236592605014033,45.464097477727364,25.86374302274071,1,1
456,77.07770033866166,11.953026551607296,36.34642100189676,8.924100255896882,0,0
457,-81.90804008159013,14.256002793887841,48.04453787001714,9.44610492465539,0,0
458,17.62008087526626,17.76844748417552,41.018289705226884,11.93219619288715,0,0
459,67.66702459025817,8.488124234903644,40.63507760501178,11.93251592923323,0,0
460,-20.883792133005024,9.796051297693117,22.4764440908366,12.897441494049666,0,0
461,-51.98354841528641,18.902898626802983,26.51160795305851,11.296010912086892,0,0
462,17.618032867873413,27.12880917904154,56.02555971948462,20.266886620809895,1,1
463,70.49651528833084,14.02131420571845,24.37790394305473,8.86085523521333,0,0
464,99.33218658893924,18.267626705926343,41.40301830605476,25.113108745950726,1,1
465,-115.6010080732168,7.555572294822886,57.26385685027529,11.595909007506137,1,1
466,1.3733893246374185,17.29849918832714,21.47401476049854,19.36788136989713,0,0
467,-9.183057949329287,16.7864008946152,35.72513846918701,16.802082710021157,0,0
468,-17.955942423001872,11.868610640479737,32.585926408471984,12.399901926020291,0,0
469,-37.91850872684029,23.542799344792677,49.886367985835236,16.60998336800475,1,1
470,2.970843264604212,18.460721701475553,36.517905146892744,19.59507897605956,0,0
471,125.43170595350412,23.709273418734497,40.32177174677399,7.601011931985056,1,1
472,14.006108060554299,20.07684744065928,46.17811232761548,10.420424135780554,1,1
473,0.8870629302917564,24.124100551352804,42.41158354633946,16.44103155990905,1,1
474,19.17831748039928,24.910117802353938,26.687803301218803,19.55718070064627,1,1
475,-15.47657630781355,23.073466644796863,59.46142375451331,20.898012421947513,1,1
476,135.55279737035949,16.647869812915495,16.333081237579307,12.21254367986934,1,1
477,-9.097775046646015,20.486462286901332,24.26024508770049,17.779179117065077,1,1
478,-44.262023954314714,10.390553257504155,28.268943002226024,14.104490855652346,0,0
479,31.20630782401992,20.531751353204744,17.80538482459187,19.39090990824227,1,1
480,48.35322450199657,13.52636674370464,35.44350903661142,21.52672761439598,1,1
481,-26.68847586325279,11.756919052014872,31.171007079666012,18.148070610208165,0,0
482,-100.93527886016678,21.577731394449344,44.5436818628015,23.959791602223568,1,1
483,59.96942676374341,20.622794976160684,22.82388437220689,16.941028908535653,1,1
484,69.13115965708397,11.332765917276024,23.01901820427712,11.005354657878467,0,0
485,-8.963370194970123,18.014135460615446,32.98547943009776,13.641156818976786,0,0
486,-74.7022864197138,20.307322948089386,43.09283722942136,12.552906213482771,1,1
487,-49.207529897467,15.490659377288388,27.82958894079394,11.774740774382842,0,0
488,-25.24280278811384,11.20023796383645,30.34794029068447,18.096556786252517,0,0
489,-37.55590452395946,5.911874241405755,51.95712951215447,17.737434348361155,0,0
490,-23.908137244289467,13.17430648003474,17.683480755002822,11.427048452837944,0,1
491,67.23955975383966,16.029286975184547,34.270373546959725,15.396400316689697,0,0
492,-7.104431276029508,20.558338878018667,30.095449928652204,16.869115510308866,1,1
493,-60.94787530285877,14.580348718558326,50.084953236028205,14.336657726095263,0,0
494,40.90917486375366,21.018974345204626,36.92342613029743,14.610791248346715,1,1
495,38.26383566035525,5.734677739423203,47.79972708028036,17.00227498623512,0,0
496,26.50261219929237,15.830571259530084,37.02639059534145,20.66769593026537,1,1
497,11.825507253322382,18.232148942318325,31.052928516977627,15.783495921418124,0,0
498,56.43874057563348,17.19793820658667,24.700965972346214,19.326252274383446,0,1
499,-75.95158506546376,11.746502080129694,47.98222058624223,21.643620872200557,1,1
500,51.85955182963728,20.102778328626613,26.310315698012914,13.150843168277541,1,1
501,-29.078697757847344,1.9259944143086987,22.174682581626442,18.767460079830816,0,0
502,15.951087652958872,13.752106180914595,62.29424490828863,12.780985360484447,1,1
503,-17.506104515122857,13.328190619134046,29.33153638457211,19.94856671125277,0,0
504,4.504715343278802,15.920140269282312,43.95077382146565,11.049388504571503,0,0
505,11.823803643141943,8.032804295574964,8.596943236263378,23.87872072989168,1,1
506,3.2140462983501754,19.905011929089248,43.13796426449737,9.453190803927424,0,0
507,-50.61766402198268,18.032196889417555,41.22521091797801,18.39550206668096,0,0
508,44.1083936574189,14.860722097958174,31.724405596058787,19.489396173238,0,0
509,52.184926110099305,20.620477051764066,58.93877286176395,19.713340315464798,1,1
510,-10.554083668190765,21.44490852940089,34.844503424768874,8.03306610554159,1,1
511,-17.056189400445295,11.282975261374927,52.24257009336561,17.24176326099864,0,0
512,1.1071808303713955,15.01079641594333,15.168249856050338,13.632465763466742,0,1
513,11.424021583456549,12.405569564749582,32.01181487906794,20.475148141025418,1,1
514,-37.67775952148425,17.95727879760574,41.83408337335301,16.320280362057257,0,0
515,30.0753002549894,6.555267406909982,26.601833983370057,18.671989645392163,0,1
516,-29.41450098734011,20.685677524432815,37.70285324919722,14.818762074214991,1,1
517,-41.07795159963493,16.827868201156843,43.48426854990035,13.482339294925048,0,0
518,94.05598747998371,14.021723836793212,30.1520249442906,21.526193149742852,1,1
519,110.01936777004397,7.939978966397835,74.11939978114688,19.302595342201293,1,1
520,22.707690299137052,20.67903122529024,37.813533997836586,17.668503383308014,1,1
521,-43.81439189837879,24.367947842088178,34.13515830160308,12.325019377197485,1,1
522,36.12177170450134,10.986468345579937,48.03215024180497,21.98704564806873,1,1
523,14.360573026265133,12.23555281263111,22.46190576566277,9.311123705133078,0,0
524,-36.08890402529136,18.339674687632517,32.52719056648656,16.953914372756472,0,0
525,20.62618595329737,10.00295975221484,28.07072141004609,17.395896659452905,0,0
526,18.307350807604294,23.40871070236492,32.734466845451294,10.72866175665229,1,1
527,19.337674527733082,15.401123186146762,28.902670279965776,11.712012298791402,0,1
528,58.27647838286462,11.931045724147154,41.223408341272325,12.03670515977917,0,0
529,-22.126602587195183,16.83202296493257,28.21088344785462,17.522647557791736,0,0
530,-105.29771064604228,9.772251725381722,41.59769664398083,10.207450079640054,1,0
531,77.36813998165974,19.215240738896156,22.315113082232756,21.55933810140001,1,1
532,38.06537261054462,15.118625398789492,30.872967161183272,14.941459816092166,0,0
533,-63.17884855698808,15.819853045923521,30.03679974424499,17.15706307366299,0,0
534,40.22539994251789,22.89781189308694,32.31893825618504,19.821868712360498,1,1
535,-32.75142024262216,20.598759475099243,31.587814738647428,17.889203048873885,1,1
536,97.74142166100239,15.146675289888211,52.73275674687545,14.421320923533651,0,0
537,51.836671829619675,15.339093520046857,44.71380940698515,14.78154047939741,0,0
538,-32.31209455899369,14.825333269960527,9.407990457678505,17.565885433090152,0,0
539,-32.94148561886925,19.181360592804797,37.716228617976384,11.624233083831717,0,0
540,11.991963671805394,18.992900927868494,68.84277273117081,21.993870911795497,1,1
541,37.41028506312886,14.373073291319962,15.563781181905792,17.04081305937734,0,0
542,-2.4363244885061675,13.745183073596966,35.440851839152096,17.833629116287035,0,0
543,-19.22058246709255,24.367633853654137,69.63920792777822,17.53609523307354,1,1
544,-33.74148747621822,10.528580635657903,31.43790709483992,19.199937454055426,0,0
545,-16.236498208255213,17.63868198681763,52.7435131068204,21.539545560880782,1,1
546,-47.05982406180745,28.197074500833644,62.46661572126783,17.24858067414273,1,1
547,-40.79148717519471,18.275179451528516,35.351106221651825,19.30211215032122,0,1
548,29.46464605711543,23.602020456010052,41.38115437354912,11.950892911026925,1,1
549,14.727548983003958,20.23515430770221,34.64137774221346,10.584709748713042,1,1
550,-7.100652630625877,16.494347802938684,33.31943499130593,12.712032398647485,0,1
551,-91.05741004838377,15.276926436006915,39.319792698647795,13.65390520922126,0,0
552,34.638092113238265,17.662906989135116,54.50956215533927,19.14045244395893,0,0
553,57.00260673295829,18.248186446261393,41.36636230526167,13.602445259951143,0,0
554,59.5762608887481,12.715539977442324,32.896557665596944,20.752756953711625,1,1
555,-15.284365329650958,5.128027251583644,22.633113352030993,15.556819972235518,0,0
556,-34.91508319957877,13.402023614739008,10.526272550638556,18.66027141363326,0,0
557,-40.44306840695208,12.605900297667862,51.20490865423413,19.551722053731787,0,0
558,-5.635196127459712,11.064641318307215,15.596924305887292,24.66161929212287,1,1
559,9.726466777607156,21.867895926398244,25.2700526157775,11.287279885832852,1,1
560,41.215430918395455,11.924462407804626,27.971748573761076,16.248088794172308,0,0
561,-37.97345606406447,17.597639259606215,3.8353348392610584,20.672023637981876,1,1
562,8.194599894023888,15.181095873610646,38.34901084138992,11.479736845634447,0,0
563,14.320336190720692,9.88986120056423,46.13543616384825,6.8015720123153365,0,0
564,-33.794547792074255,11.219540511102707,22.090299345638094,13.463367691532955,0,1
565,-53.23099426019492,9.40490086240716,37.95196864912248,11.023412189111099,0,0
566,52.45881267204487,10.966278399349601,27.804161862916708,22.817735479543703,1,1
567,-4.3178154284845585,7.954830508297006,34.696070258548026,15.29694628908458,0,0
568,-67.57592644106519,16.2670981656106,25.6865852940756,12.01514863837515,0,0
569,-71.9876824790891,17.139782846778218,9.763206240393647,26.89180476902537,1,1
570,-92.6433199507527,18.626884753964337,48.423066465698994,14.620525577640644,0,0
571,102.30347960036823,24.218339648094204,64.31799502367252,19.11308437563673,1,1
572,14.397682804059942,11.957161292781574,43.73651170472782,16.038371946332887,0,1
573,-8.02821977540249,21.087330625472266,44.73617586297985,18.005261861259306,1,1
574,33.63567947702629,16.344903734904527,20.049714333854464,18.039887534484215,0,0
575,-134.5899219576604,13.825795360896459,41.71699063865219,10.610232013154743,1,1
576,94.4311503215218,16.076357029933042,56.00859332989508,19.84561421453155,0,0
577,-1.7815234534464714,18.03985044227835,37.17964015447845,23.77097761811469,1,1
578,59.501405771939794,21.052183146820525,43.523675780262394,15.572289398327635,1,0
579,-38.67063796958264,24.35466083454942,26.56577901448329,13.680827319106672,1,0
580,-35.42570051264843,17.39372851427582,24.93226619364053,9.78108695093408,0,0
581,-66.45572922973571,5.673625428514816,35.61536907600858,10.558397283903982,0,0
582,84.10013254517125,15.143297501569114,53.0451311169728,8.686338222746208,0,0
583,-25.456286867655542,14.542918558527338,44.38478178473926,18.121233750131246,0,1
584,-32.611294241686174,20.092532237873918,43.889968370657115,8.868141852085142,1,1
585,59.70651332843258,5.65262118398023,22.32306784096249,7.266764737376489,0,0
586,65.01467391572585,16.220823290918013,29.681638269369724,13.694540031659438,0,0
587,21.942496233497405,10.8282737525386,38.29592307681072,20.482378046534635,1,1
588,-43.22651780583093,4.891179652373051,41.26927816108139,11.933110029533555,0,0
589,55.91309992818736,12.20648113768063,26.01753164272681,13.197306563925762,0,0
590,-53.57013089644384,17.593257431001522,47.64919330245884,19.796960716338305,0,0
591,-89.10908146402579,14.802983606255532,38.251888556102294,17.069353785242633,0,0
592,47.772241301323575,19.07506891060409,36.32591070729752,10.453567632353247,0,0
593,0.42487955830948115,12.572690044943887,31.548449062361534,11.408207067731354,0,0
594,-106.6319265306871,19.585894538087977,45.31271257192121,3.921028932153309,1,1
595,-46.48909322208186,8.309168514521467,42.32630304636894,12.412361050207135,0,0
596,33.28356593244964,12.224414290092717,34.66612992640254,16.667568961262905,0,0
597,-10.27934971808949,20.142020543874228,46.659560322821164,20.498886516646053,1,0
598,-92.49927562200382,20.21661151899328,41.48174281347957,15.508853567013716,1,1
599,20.205624752164564,15.230376635177924,30.647032092183714,10.307976040894495,0,1
600,25.366296164118967,18.947683760446548,29.17292669573873,4.784163197493353,0,0
601,6.213825762481681,16.074973947496424,17.08309009119403,13.557628076755938,0,0
602,-31.783124542853287,18.42425359169512,49.682845567616454,9.617443794890775,0,0
603,-67.19449490733774,15.760658947739039,47.42072125923828,11.948711612876501,0,0
604,-51.478439791615514,10.804245040997483,44.902541599529485,14.365979796122305,0,0
605,-8.223532217984122,11.589323324966596,29.171580815712865,2.2327963238792154,0,0
606,-98.11163997113556,17.392442087806064,38.13813992176081,16.87591403334703,0,1
607,-1.658733227576027,13.594522429255555,41.966989324965205,11.151839841231748,0,0
608,-14.592938085339055,19.541942758954143,21.26526591415218,11.362871457469023,0,0
609,68.90613552209525,14.19279462352522,47.3591013334311,15.087868201082705,0,0
610,-8.5448075019483,22.581587288396868,54.28091137902012,17.54572853881728,1,1
611,22.163927976307544,22.310495630228743,35.22049868818267,12.037159007887315,1,1
612,-56.68480563574319,12.589895989477453,60.13013823615693,24.664473500589853,1,1
613,57.16849873804908,13.901320000478046,55.38625948258151,13.280302450478231,0,0
614,48.18532419274911,16.859765241715028,26.37749193179868,13.546992175645194,0,0
615,-42.10927164035671,17.304485105549833,28.14503327176602,18.47225033174615,0,0
616,60.434423443865136,17.144213655856042,33.82145386325773,16.41467177166284,0,0
617,-99.97917566224879,25.193707474166217,66.23328806097463,16.727953709537907,1,1
618,52.652529566408255,15.692112587262322,23.649509495964736,12.498995798935423,0,0
619,61.87590396567201,13.370508846595923,32.73163113239966,10.926214602481968,0,0
620,-10.706070790502597,21.33154636219495,29.582759927633923,15.43405940600706,1,1
621,-32.57077165310508,15.889751869687434,44.72676902359666,14.28635248089113,0,0
622,1.8647958416342907,23.35838611091074,29.081889438832302,12.718747634079099,1,1
623,18.536796526572065,17.912288246446337,46.293181015467304,12.001772597902963,0,0
624,0.3676713696997304,12.405683770416701,58.17730496683834,18.151953489509967,0,0
625,-2.8191822109790965,24.56376942949165,33.79080191508755,25.01366419823046,1,1
626,-32.90297583421714,9.975801563648854,34.094854877809176,17.1431859624757,0,0
627,-79.87822082403245,12.758239832946105,24.654748029557535,11.806380557867183,0,0
628,-43.18475793840791,15.47080249722172,41.396626464616915,15.913810076315592,0,0
629,-24.824494904935595,23.394092769543338,19.874804668315644,15.83988153611375,1,0
630,-49.479609106798996,5.630011104160166,39.180303948670804,9.121910551437864,0,0
631,-69.89016007324877,13.339768340175864,55.820538291930916,11.06654809400047,0,0
632,6.3830553185474495,6.992297452754666,67.70894810585935,12.996954368142003,1,0
633,50.21415521965348,12.00908984864225,31.771079159009258,12.971573431633615,0,0
634,-37.619820837035064,18.68296423378705,54.763341099795916,21.649538329533193,1,1
635,59.305873140753484,19.281122170883833,54.10235533401932,17.751370386909468,0,0
636,-20.63274619752744,21.282440889446235,43.800603346820054,13.988980795602284,1,1
637,-27.293107562022517,20.2766998350652,31.01623203926561,19.185571235499005,1,1
638,-37.348149818488956,13.845163453539708,11.726279328210008,21.29194362507706,1,1
639,-79.318548930868,16.723120237432177,29.66035849537289,15.601201958609144,0,0
640,-70.80273331964786,20.669596573541412,56.04934572512637,20.56868453422822,1,1
641,92.91280220382785,17.189927870678012,44.6641095224138,23.306841955028695,1,1
642,-82.08070492724464,7.5713720575992856,34.69038411866565,5.71126106537559,0,0
643,-74.3236627800118,8.32199739513528,29.39018951889925,14.575748942163862,0,0
644,19.360439947013802,11.41658713171141,37.51970166643536,20.77515521528587,1,1
645,0.40325043570119523,17.544425424145828,32.29761940356673,21.599888549145376,1,1
646,63.773417724723025,12.54904027653156,25.29024456528574,16.836562341533106,0,0
647,-35.54162890793452,15.200931568797305,35.91825815372144,18.29717976853873,0,0
648,85.7179483038797,14.360608514083978,53.054677170938916,16.714652081803553,0,0
649,55.246700829933324,14.148373323720403,36.1295436151192,3.210795090572077,0,0
650,-35.74637355092003,25.05813290452629,55.57027515935542,14.970283999177784,1,0
651,25.22083276292133,15.280609039656861,26.417106290248036,17.043334447255134,0,0
652,12.388206590284316,19.048864117037795,45.501656078885524,13.750748718546344,0,0
653,98.49095450479578,12.688115548795965,45.88832982275979,14.56559522678808,0,0
654,-86.55323462804205,14.975384284123932,51.24787361058316,9.286185706680355,0,0
655,16.131621591134447,10.818913953818637,42.070981862747175,3.3503472087937887,0,0
656,-19.533714479035634,14.348141885150584,55.7631412215144,14.021935189902711,0,0
657,-15.077369513098708,14.203661051403833,12.097451368757085,18.59200497307093,0,0
658,86.99273146765795,26.01529283530393,47.01853987309659,19.14837871276382,1,1
659,-42.57538054187062,16.935266634811875,48.73530757502868,14.38435484345411,0,0
660,-5.096249200473354,15.153246542037126,46.697318163104605,11.779733823409453,0,0
661,19.9394950981706,7.850147877766155,63.98758758146059,4.17641881079042,1,1
662,-16.304207352357505,9.521206449020923,52.85043557014101,16.599302304677142,0,0
663,-53.009237010168874,20.420116664233184,45.0640104562374,17.5857952357933,1,0
664,3.5561147337914463,10.378964933013126,54.778981847073354,21.297758520006795,1,1
665,-33.61423618119139,11.941715646181027,27.330321970177607,15.031309478390346,0,0
666,-23.592981279455827,18.44332853174098,36.92321016694886,9.351071161644828,0,0
667,32.312643853658926,17.495112223664393,40.23511411551482,15.827660564570099,0,0
668,-5.888964044444616,10.505007822501952,44.40156253486652,11.976800569890482,0,0
669,43.77365500501144,15.65270201914886,52.19884064666341,12.034101405123149,0,0
670,-14.21250145917453,19.849392592322214,50.96981394121829,10.511327669133902,0,0
671,-68.84111868925183,15.077757403239644,17.68993769196035,17.067801179442363,0,0
672,-27.856554427430996,15.265433197789138,32.37178162957417,19.385470946625176,0,0
673,-29.040044454991833,10.108342930897933,46.42319848270411,15.888483791912734,0,0
674,20.480393639349472,20.56160838230984,38.8385709292741,14.269634377135725,1,1
675,65.81089179030953,8.33134687616672,42.892357644043365,6.772166712161393,0,0
676,3.8749178642716,11.273414601234366,45.9555736771286,11.19165715040143,0,1
677,-70.95576341580353,13.970048666781782,41.70577788638951,7.868495362328134,0,0
678,24.813962274969867,13.71786009411287,28.73034877488923,21.68004966336461,1,1
679,16.269565370847943,13.723588156427846,33.304998117358224,19.135245876297965,0,0
680,-5.555888276350761,18.294607578378532,22.236910982078967,11.729292424034032,0,0
681,-52.797303789181385,12.379893596742438,10.909855095392956,10.382567773172,0,0
682,-67.84996697769643,14.50829328513532,44.9482658900027,16.866106622573277,0,0
683,-60.22322005139306,25.859453464242605,35.74581940983933,16.904427625919624,1,1
684,-23.287350774596124,16.18808847729067,37.690689333791575,8.688287424147644,0,0
685,-17.019353497402165,13.788097381154397,21.60529195886204,15.772182199691846,0,0
686,62.656649847535384,15.319043265822485,5.328011281460945,3.8556534118399703,0,0
687,0.5154031523672079,10.501149047027102,30.389176722928962,6.024748763798799,0,0
688,-23.13564568128352,15.163841183137912,40.92678340636754,4.8689390974821585,0,0
689,91.2689699291693,9.780943749317043,44.16729479234678,14.712269118982142,0,0
690,-64.00249108197497,22.17322998626536,24.971095200763166,9.937408006011601,1,1
691,-38.61659844788524,25.251066873327986,41.29015673635694,12.95632565895788,1,1
692,-55.12803413827337,10.19569642123612,45.98646989971843,11.485188594159332,0,0
693,34.13104003657905,13.695946682349408,17.70500247880997,11.880762249121435,0,1
694,67.55338015878225,6.769704375939135,44.53481047761874,15.856334733555439,0,0
695,18.185871912800373,16.153094141926793,41.8774214037168,18.68741573253138,0,0
696,-5.035188748692039,12.02007238374409,40.27540485899621,10.482655705342852,0,0
697,-11.719505772537065,15.52360383675125,38.45989602640684,17.457896653912535,0,0
698,-68.1445131027769,16.99860017336551,42.090498196630946,33.88503868866175,1,1
699,-91.40620692992253,21.854752056783944,46.86283020693719,18.197472907378327,1,1
700,-37.777979632527504,23.272279142975485,35.74194736697229,10.232650323118737,1,1
701,-15.096689652999789,24.621503277383496,24.041232730017462,18.15664846238153,1,1
702,91.15886206623351,8.174113068177387,52.38413220602534,7.306399288566546,0,0
703,-9.590069189793846,12.587508292433238,27.249136179905527,15.212791832179475,0,0
704,-25.369799456713316,13.083211890096832,20.98149958369861,18.589382344659565,0,0
705,28.26662854976098,15.783603010947303,26.12082614399732,16.743927431852665,0,0
706,-22.363081811768094,21.301359083968798,37.18332852960698,16.43766933410286,1,1
707,80.49732141391415,19.97707594340025,23.62399636726952,17.52061869252794,0,0
708,49.26339300277268,3.2558701713852916,21.461763735746057,15.870007860446908,0,0
709,22.505595066020742,18.38065313245126,22.994416897251995,14.107702274879978,0,0
710,-107.5394970546715,13.994254729591567,41.687537648047375,12.168640491820973,1,1
711,-55.93029617848351,8.623857698534072,48.307685824861046,13.360452270947114,0,0
712,-12.745214430630359,18.061961169231367,41.76379975797231,20.75945739861729,1,1
713,52.69679167821059,16.450463847657247,39.76224417472917,17.29359842553328,0,0
714,44.136593835849496,18.07970745350911,38.29920033850383,5.995699438972148,0,0
715,47.17835012340848,19.182552679859892,42.071454778496886,20.84424884613331,1,1
716,89.62807987894912,14.067952137347522,40.71973581388118,16.37781931256254,0,0
717,-48.28851426721265,7.92140741397593,37.19021553234172,18.057996385865255,0,0
718,68.17741304094014,11.324394804417189,28.873599252033046,18.277464992826033,0,0
719,47.47741681771726,13.616875614297074,29.12031847197627,21.076707635276453,1,1
720,-35.779450096310526,21.252527478614084,39.573174711539075,10.245918078170718,1,1
721,26.109723002388378,12.742511316243144,29.052347023152336,16.507396059065858,0,1
722,44.50344885806815,11.877308529222923,27.199960533699635,18.900630180737245,0,0
723,-56.058902860298154,12.22827742213407,28.326355969021137,13.917314994500734,0,0
724,-52.28603128790651,18.869114921376358,25.147329206669703,14.001882436813194,0,0
725,24.850450873394767,18.755748035684313,44.66574282844711,6.959358031568502,0,0
726,-24.00119057102498,16.211819406919165,29.713549651347087,13.696611699894962,0,0
727,16.936719164411628,15.262853047352277,29.3168682540972,5.6188053857095515,0,0
728,-58.78485533520583,16.79069148384798,48.17242942878489,18.085676012443663,0,0
729,-18.57299217588844,13.772367640201189,46.8974855517094,18.66120919549353,0,0
730,47.97759970334485,18.40153365386363,40.75280014788349,16.067892903625616,0,1
731,-89.78847380754615,6.311277083203905,44.35725837233906,19.970558245039808,0,0
732,29.464758328532483,9.629713086669552,46.19260996748781,15.669181874786386,0,0
733,-40.180208120175806,26.57579334185859,23.094407706416337,14.451187747195348,1,1
734,-67.37133161139019,12.483824060995484,68.20610763209666,8.41726389997767,1,1
735,107.11072980615855,20.150403811921535,32.54334521336622,12.377895289169274,1,1
736,10.12107337578125,13.602497890378974,35.65821230248031,8.437865970702978,0,0
737,63.917482313138585,10.58733135363999,41.69244633101746,16.631540317182928,0,0
738,-4.439663743878862,17.46458994340562,53.01835204902069,14.83542687592107,0,0
739,-83.65590168538708,10.694962655249247,22.60331836114345,5.402922229489638,0,0
740,22.891664275141004,13.07374162734842,67.38201373502987,14.563191317633484,1,1
741,-67.13583588562736,17.143119055800607,36.64343404573836,23.407995879894685,1,1
742,8.380531116389008,14.68331815029519,56.98741464841713,11.59266645365848,0,0
743,4.019643861694163,15.336357314964232,22.51355694190154,13.138087912131304,0,0
744,55.52065356658827,10.353695662823526,25.60109041881519,23.18825513073275,1,1
745,-29.141438357880016,16.915841265693853,53.79532235489563,19.015659201341098,0,0
746,-11.07681617354236,18.18598914815693,38.96582821143256,18.01083196576268,0,0
747,-14.685441940845836,21.871882277341168,26.877599799271657,10.943268065465714,1,0
748,63.703814697367875,17.48748731393886,60.47458971758999,12.128238669285775,1,1
749,-70.3452781898272,23.5782858734403,36.33941678182365,0.4176636072129991,1,1
750,6.4376075099982515,3.7909287323386724,39.31605292937204,21.23075069586819,1,1
751,-61.74238254952647,14.123111146526844,40.636694100485904,14.015047408500145,0,0
752,17.770348637059392,12.312389308053845,45.09169141013779,22.00209316282528,1,0
753,-72.13634082444572,12.050537979452463,49.85374554155764,18.533268353412513,0,0
754,114.88692346404903,4.389939653144538,52.65213126259536,20.29862732003836,1,1
755,-15.634571460308308,18.292803415615808,25.00192941382126,20.52563664047915,1,1
756,-45.92210626750287,20.51492850215509,55.40391807320146,17.445832202162332,1,1
757,-61.49171816299431,4.714530633904278,57.560246494558044,0.9428373126744471,0,0
758,-14.668034310237898,14.629777450510137,20.485748209357325,13.534874724053255,0,0
759,30.641679651980603,13.335743022814393,35.57895626772823,19.159968615877187,0,0
760,5.373702989614964,20.998394432838452,47.08615825022052,14.50437714929232,1,1
761,-44.88645968052225,7.336621691402341,45.701344643948275,20.157892402775808,1,1
762,37.12988657544288,6.83856416683644,75.31881003406954,12.701102365477267,1,1
763,35.14428133375678,9.517852550457688,35.69947971804945,19.569079680117543,0,0
764,27.320919345261895,9.431938945711762,39.13274267886121,15.354776708714798,0,0
765,104.85646104630113,20.219054022088052,36.68324076781658,9.772302225420013,1,1
766,73.76197821725515,11.923911065931401,36.22133317339055,16.510539486916574,0,0
767,15.958660197557498,12.121890086543242,21.682035710861026,3.123687659479513,0,0
768,64.77828099463594,23.37304566737456,46.658982031305314,12.847653680421775,1,1
769,-4.953172343518219,14.283331231799679,29.72288659262798,12.765244367888993,0,0
770,-38.6547826902175,15.999917354432599,19.36236278029676,8.523430531903792,0,0
771,-40.581520658831835,14.370033562499884,38.0016775609056,7.654536451307975,0,0
772,72.29769743161548,14.26742669174982,53.38989159491921,17.007783747755003,0,0
773,38.46629480614106,17.29704540772157,34.709203262392,12.02064335582062,0,0
774,-23.01469675572796,9.655206720843578,19.37088158125188,20.671248359222663,1,1
775,50.184157331408116,10.863594401461302,58.12047330920862,16.49081846110417,0,1
776,-70.59029726967188,22.387705564374496,29.35490644439576,12.963970307901977,1,1
777,-51.117804074528216,21.473261422591932,25.187350538453877,13.565715314583539,1,1
778,34.28617402895106,13.6556108345892,50.82428330880015,14.21502577837379,0,0
779,-20.113274087825815,5.147353424007781,33.85095845084465,20.002563375981094,1,0
780,-32.730999444856344,19.507784232106488,54.614142805158934,17.32715180741228,0,0
781,77.57585963468782,21.655855660166537,36.75940631567661,10.322712240771724,1,1
782,57.94613395557888,11.521950428161327,51.918891156741395,13.404827696016357,0,0
783,25.277545515726047,20.131275080650845,38.58560973295149,10.297839105489704,1,1
784,-31.170152408696474,19.660277401140647,44.01246876406136,18.8730744644531,0,0
785,-96.4356578841872,14.111771529418727,37.64066883752716,13.070685222925487,0,0
786,58.80595454531139,15.789612612963802,37.645751777347776,15.21831974170747,0,0
787,-33.805248344449396,4.866046065331231,44.803387992590174,14.282529122072631,0,1
788,-59.72912415271263,11.873003859553453,40.82384219511317,23.569683927026738,1,0
789,1.0859918738987873,8.724517985908209,15.464366002972582,12.889163586043889,0,0
790,-45.5370090267497,5.598533381856537,32.705048473897385,6.335683408715436,0,0
791,-41.3699120041562,11.909669527067049,49.77769371954489,13.979568776409526,0,1
792,-55.365552587925094,8.077080782603431,48.94662956487653,14.794027206163346,0,0
793,2.717030207101795,10.914082705291612,9.279542340320678,18.196429082616156,0,0
794,-1.9769433643205108,13.245301501512987,38.79147516554599,6.488375311149801,0,0
795,56.63626942448302,16.565798004146355,41.52743224986438,17.643314902810182,0,0
796,-16.708983713998844,16.27521936309468,33.7716526252181,8.686707686783281,0,0
797,74.4946469528683,15.73582258598028,44.06033233499559,20.64046920306494,1,1
798,-57.30440254840098,19.812956532330528,48.39905228491455,17.360738887122018,0,0
799,-6.932765873069322,8.798092719820938,38.23906252235627,11.268587575068068,0,0
800,-87.92981049891323,15.236910347003603,29.260120365669877,6.350056104362361,0,0
801,-43.94266898905555,15.191452056306776,56.1702400572961,17.492771136506086,0,0
802,-6.230770257153676,12.639238575749225,30.621981221338068,4.223131917111358,0,0
803,3.39092011799207,15.211775538263273,24.645077245906784,24.485253748067354,1,1
804,-85.02225470534462,12.686169786033915,33.82127608738811,12.924992259875928,0,0
805,4.931307113373456,17.626727163873024,46.11828066085765,13.39500445659099,0,0
806,37.877719658641645,19.645911896082712,43.00817189923846,10.35659258583858,0,0
807,-15.473500268644822,10.29170503387283,21.48166259564191,18.856336332656422,0,0
808,-30.795668396969162,16.2506660768937,29.66111220031945,20.13600494103981,1,1
809,-6.450482448513433,4.875406534297033,25.13805501555951,13.380696485542385,0,1
810,-25.811127923984518,22.658245704252867,29.014790099950055,23.21306393590304,1,1
811,81.13280754299905,12.041992216142338,39.90215170670559,2.395994390792591,0,0
812,60.14217973198234,20.89740532177428,9.859705819173097,17.612766676154088,1,1
813,-21.326805036802885,13.268278366720986,11.143177672709403,17.553055271594847,0,1
814,-15.20002379251893,11.524782368071184,36.60903230007405,18.451825637439175,0,0
815,29.848153280306907,14.211555617356082,39.01199086189935,20.52359443760976,1,1
816,2.183223549392462,10.779438376570308,12.992357120675667,17.575303193874117,0,0
817,-22.576982020420832,11.477346182550491,28.69227640449446,14.07530686242557,0,0
818,-13.804031042108237,15.287993983606713,59.08445901877399,11.875069219244068,0,0
819,-86.04152259005124,21.532349646543445,34.54834066448978,8.309184123202293,1,1
820,9.55415628500534,13.870954882037314,49.44787553221423,23.50326587838319,1,1
821,0.6336946324001286,19.675545835508586,25.148051077399064,13.708774179924134,0,1
822,50.032077611789894,12.967055756020914,23.928400143431592,16.781334780516644,0,0
823,-89.14933097071133,15.704659932291344,26.144884105515153,15.39633846035326,0,0
824,-13.75324220441893,17.503883848522428,17.33813137875793,16.42580441149037,0,0
825,39.881338380571975,18.92523991861965,31.721961689687355,15.965830670134343,0,0
826,40.46854921068952,11.639688735646942,48.650855624850735,8.154800673485376,0,0
827,-6.412027685044941,14.568208244416347,50.379625602775725,22.018129060307363,1,0
828,-34.13871988353403,14.051000649399361,42.31869270813077,22.400049786565646,1,1
829,-2.87596492131312,16.190243345780544,24.10152382863936,19.15823477050334,0,0
830,29.918014383934345,14.03568852693736,39.226784408804285,15.412589243637504,0,0
831,108.4638777298496,8.273997289083056,15.475964715776101,12.452487062493676,1,1
832,-20.632192509053283,16.264544961313455,14.975040652301157,14.418630132607749,0,0
833,-46.19824918661505,13.525811062360443,44.60159083898226,16.59198187390193,0,0
834,39.17532987622502,14.244882669351943,34.27636284945109,13.739973120341924,0,0
835,-35.02038833268657,14.393012302023822,35.65449646036879,17.176433914605504,0,0
836,-11.869700022855941,20.658506539608442,34.51901496484216,22.619458488615585,1,1
837,56.369939903566305,14.02183082206046,18.92168419678261,19.864750853916604,0,0
838,-28.39868552162917,11.786458096320798,25.386513893259412,10.496132763867788,0,0
839,16.59101354509997,9.151139009438022,47.82514162253348,25.527224259073435,1,1
840,13.91182675463026,18.392609525758257,59.66033347288101,11.152438154934703,0,0
841,-15.839369398872499,12.385941986498237,45.32331214945746,18.102064323440832,0,0
842,-39.52929418137,12.304603189596609,58.40623108791975,26.56381395463881,1,1
843,58.921455516110456,4.622701420670099,55.28404803307932,17.170059105680554,0,0
844,-96.13591014095951,23.1744444315319,44.33852451299889,13.574465878067503,1,1
845,61.371509790838694,8.769303013767173,31.349548592136166,23.403247978756024,1,1
846,-10.726321447492554,10.445784797786402,15.838330589657613,19.545889208095083,0,0
847,-121.97040111993344,20.72456046562417,29.230282895522986,13.064837581625063,1,1
848,-32.68603953566605,11.344050909449795,55.456144105829246,22.066488514508656,1,1
849,34.56371646993412,14.133138869053818,19.207575304578974,17.839878600120514,0,0
850,-3.7002218324338476,10.120266134332796,25.214029967380977,6.87482381391156,0,0
851,-64.65445550413263,12.927622557315853,34.068399113251246,8.964423341552878,0,0
852,-38.39883375106697,22.038362026055136,21.95146896032227,9.064991854986191,1,0
853,-118.39710289972732,15.5064690027597,25.57922599743879,10.064813215830219,1,1
854,-35.184446811692574,15.903793313339948,44.70536360663421,18.43614164372921,0,0
855,6.8259183561696055,14.912432720281712,7.707366808828908,10.186461864224796,0,1
856,18.1625200546662,16.907793356850192,30.99717140770587,14.254195236634033,0,0
857,-3.186612778129869,19.05950177951903,43.94468319293642,16.60583806806036,0,0
858,-11.551413031629684,13.8685434037173,37.59296863621598,15.135420103673288,0,0
859,-10.264464251608274,21.112514235383212,69.79877490081468,19.024034004721216,1,1
860,58.57584563941652,21.68552653787065,51.531142921746486,17.728570912172476,1,1
861,4.3942290787006035,9.112001747035066,39.06583505842124,15.863356529062694,0,0
862,-5.200516809406721,18.730056825631358,26.711839455117325,19.011981165996016,0,1
863,-9.52185217317975,19.59708791912634,55.835510029515746,10.072479815585833,0,0
864,37.78066955948115,14.557905523128376,25.106911782302163,17.550208272926593,0,0
865,-0.5975723446302025,17.76299297685179,49.31592058135788,10.203499338060084,0,0
866,42.00575163938039,17.54197760686685,22.082666310245884,17.26244664700137,0,0
867,37.692211853150575,15.611542120608208,33.86913926783064,13.893376832078296,0,0
868,21.85725002192952,13.779219518076063,83.57209302914879,7.882160446000626,1,1
869,-119.56844903799923,11.163818745325337,20.677771165654217,9.504395321231065,1,1
870,-62.975535601085895,11.104846976793713,43.80146299138727,12.903444537276364,0,0
871,70.76087448003283,21.71103895537521,30.658263445768295,13.80635239179821,1,1
872,-56.881833527314065,10.73419992116985,28.407652466805445,18.556793016074245,0,0
873,28.54214733534064,14.020778276781456,46.0318190956917,18.704353259067897,0,0
874,-8.504524834570352,18.53930688774083,22.442916706345848,19.326214305475958,0,0
875,20.936449243841523,13.667147597786087,25.930060907672228,17.020737987223324,0,1
876,5.442856366415673,18.32324089700522,50.91462341269289,8.582215227690043,0,0
877,35.44745019676114,13.34616334274902,51.63607711945317,10.65060661599253,0,0
878,4.149420238973275,13.836546846274006,26.59358300398523,24.31533704207094,1,1
879,-58.894849286641424,10.705337542195553,63.12911815843279,19.291298024519126,1,1
880,-8.942235202257068,13.414027928741705,48.96921507886805,18.31146817293812,0,0
881,-10.293652966400721,22.43520036656578,43.65045262774973,10.690471023632792,1,0
882,-64.2037934788092,9.555514772391069,53.695577465000554,6.742343935921635,0,0
883,34.82478575643205,13.822094736695135,24.226379564351678,12.08448901313997,0,0
884,-58.2326784912085,6.474481243779044,31.66944736969854,3.4212804235411554,0,0
885,39.60445044748101,20.31994047964276,40.98801464644334,23.03101161318729,1,1
886,-37.20320057602628,19.953841823175438,54.86143442120121,19.79829147148608,0,0
887,-3.1497279034808576,15.4297024784151,18.568434854971887,9.096901029371065,0,0
888,10.000668603790695,16.99248109044746,38.75680732199078,14.095426602513246,0,0
889,-59.61781378489112,14.618602682795416,47.96358122085054,12.633505498002496,0,0
890,31.462352783741288,26.661022115283565,47.52965872658342,3.765796967655623,1,1
891,-53.08468518281379,18.447411932114605,24.41306485401776,15.12197399425652,0,0
892,25.215096096250868,13.031066021568247,45.127452638812976,16.258977817782082,0,0
893,24.653514231856914,20.373044975824193,17.959059331364536,20.585274805172833,1,1
894,130.12486317956126,11.528603585804378,35.399650022609805,22.132981088249842,1,1
895,-39.38110107303176,16.81346198888219,33.34829881417143,13.643948258755282,0,0
896,-84.85475539186712,9.375937190758044,35.93614396313866,11.975450201162646,0,0
897,40.2823322438479,7.001210626973706,31.881029050557466,20.198787769302662,1,1
898,-52.32995752098635,10.011309717493132,19.320726246082188,8.737246075510983,0,0
899,-19.457946607122256,12.567749059004148,40.592049029229344,11.199904138555484,0,0
900,-4.599890848709657,10.86816983632317,65.32281038378544,21.89147002941954,1,1
901,39.00456243769413,8.606769038661112,65.65793413653715,20.08917804546566,1,1
902,-50.4980767361165,14.01912199865229,41.26020211513302,12.209639653336755,0,0
903,5.357863379980535,21.20074685469187,35.99026199598218,11.231024702649549,1,0
904,-60.216444441005,12.539441758884097,36.734995560197916,18.198968360261418,0,0
905,15.255539338685622,2.892158826251876,28.970748886039473,12.970489280292723,0,0
906,34.8312884960072,6.4895048390275285,53.11615444287151,20.81262308142977,1,1
907,19.477942514704367,8.391906639734879,21.249701003438144,8.30093860781829,0,0
908,-29.258958001496758,24.093776753203294,51.569466331299076,13.648002189032328,1,1
909,-2.1798525530702793,14.450923144229712,41.50734043078221,11.174493431785637,0,0
910,-5.509000316394153,31.222777493716674,45.83446858243233,16.962591477090186,1,1
911,-18.758934262142365,16.08207409916676,17.545300274402013,11.314708724714148,0,0
912,101.47187167578818,11.244169952297177,41.02173601555725,21.080005377007645,1,1
913,52.94669558251939,17.857326830641473,15.820281274973254,21.348390853075948,1,1
914,2.321244332169175,15.847167895515367,23.704567583272734,17.002825608881665,0,0
915,42.564273993648904,13.509362524591676,46.6633031228841,18.656827938017052,0,0
916,82.9475333676399,15.307881798996268,32.82384104404154,14.152131561470958,0,1
917,46.47265360945196,18.803282938833608,39.784991513897076,27.673660465320495,1,0
918,11.659788359262388,14.576825416118293,50.61911758607882,25.426262325162444,1,1
919,107.11531449101635,13.119120907900617,37.380396561898856,15.397500561880817,1,1
920,-22.971234890963842,22.711029127325087,61.86314321247691,22.096911626976414,1,1
921,-29.62468867939887,19.009991661614052,61.36170955812629,10.957832730185588,1,1
922,58.97752455439208,11.470090944232822,43.361605460865626,22.284568862910408,1,1
923,-3.0094532515751715,22.74024216358602,53.21240608631254,18.831813788872786,1,1
924,36.804583482827816,9.60411543964247,34.31774864695467,19.30942601577744,0,0
925,116.62934387545563,14.96522101903397,-2.6033213895426712,17.495678073596466,1,1
926,8.928743094426832,17.38564449187041,31.093304594617173,19.69507087970989,0,0
927,-111.93748810419189,9.819383338529091,36.766285898503284,15.155907638513499,1,1
928,5.389038688559604,15.745693319105028,14.589245753298211,11.965609335509662,0,0
929,-60.499367709370475,4.7801039695367855,45.0237719857744,11.491681247411574,0,0
930,15.93411581679762,9.44968580582547,28.217355626442128,3.1392541672002334,0,0
931,-6.104244622077988,20.323251208593273,56.15678588727517,3.707264099577438,1,1
932,-129.80808922612403,21.268988657815367,21.540136207491095,22.7839393451456,1,1
933,26.637637017696598,14.379086713158117,22.050045635852648,14.637224433485768,0,1
934,-65.25030843327728,17.250981935174128,37.09207989789033,20.202394282664535,1,1
935,-15.091819261782973,21.43038302822213,32.38090491032661,23.704115438395363,1,1
936,60.21189218712524,14.490137435459246,30.617672423676154,10.171399307016962,0,0
937,37.288946529423626,13.751831393108667,28.051016830326965,4.930616465796724,0,0
938,-2.2555097813161327,14.352737418406283,35.78351540303482,5.4305280635728455,0,0
939,-88.49499081672535,16.36002727839298,45.63255093493605,13.125099610585613,0,0
940,-20.776908011460396,14.194495137045113,41.15931876275097,13.587454539869686,0,0
941,42.122318173691994,17.59212174604018,34.57970257298188,13.88865568742723,0,0
942,-11.87579281399346,13.489694780536938,37.29611957514623,12.346279065279333,0,0
943,9.928981273061389,24.309350639234925,31.77851113242445,15.594086311202496,1,1
944,26.91392565815519,11.059795844662496,21.233811069376316,11.318757219301055,0,0
945,-19.808231255804785,18.09831343916391,44.170191898758425,14.015460341765964,0,1
946,-10.83022396176498,18.172714764048017,30.051772657025978,7.967395870855175,0,0
947,33.327044961490905,23.029211806116002,28.009120262458033,9.726947906195488,1,1
948,-74.26172658540783,12.117509877299518,24.954721473937795,11.170123916945823,0,0
949,47.391957761494325,17.458700663705823,38.12433009757533,15.849563192298797,0,0
950,-11.561220770361064,4.268062579839576,23.861459177508813,8.474006456138245,0,0
951,-5.287808417801494,7.9210465063348146,37.331066033706506,18.467611502312614,0,0
952,90.78799517516283,9.62419942871875,43.570580318616706,21.982992874843703,1,1
953,-38.855657697867564,16.068099162717715,45.73610225958434,19.347028438369517,0,0
954,-0.4613923928982699,12.28788913096879,36.80141583094264,20.721653328475025,1,1
955,20.817200314611238,21.200253201669838,38.03209532685608,20.9541037821861,1,1
956,-0.9707124588360354,13.080086563619703,21.80383454725854,19.385398456378972,0,0
957,-62.58740939938636,12.357080340379875,40.77540704660896,17.84753820901181,0,0
958,-64.59692501238007,22.213082505057606,30.062003018478233,13.566833240280099,1,1
959,24.161233131908176,25.459052534460312,18.94095087586239,17.403398016289067,1,1
960,9.718069548528383,21.13223694436495,44.30522312409237,23.876395416531693,1,1
961,3.442294968923329,6.135407009806,41.74676729154196,20.73670981696632,1,0
962,-32.32496406692421,17.036985824634375,33.0887638493922,19.016575584545812,0,0
963,-4.672465831239824,10.41330871303554,50.57856895210352,21.2495502262217,1,1
964,43.15744694904476,20.04861802402329,42.487084119597625,18.042143341695827,1,0
965,-9.713897259893065,18.7522136663359,36.69224228532019,15.658445306240145,0,1
966,68.28510905681699,18.459281956950875,26.907708226024212,24.16824556002492,1,1
967,-41.54924373626845,20.287427812080594,37.54311909610563,15.063928514018341,1,0
968,27.837833828074526,9.410255847941606,27.734382132543566,10.99022069565194,0,0
969,48.301084798402734,11.0239339353347,39.43423774492106,9.9633955207353,0,0
970,24.485597927201567,18.312392881251043,30.07085789032129,16.677958813668553,0,0
971,-5.855438419575378,0.372112123245806,22.00819057662814,19.270878282330298,0,0
972,27.105050024310618,12.749730164651979,54.5903795753603,12.704839446779118,0,0
973,134.06813557417206,17.855504358007888,25.648320973186024,10.453619818980581,1,1
974,-24.14955958552745,15.840253546856912,20.081900564570578,18.376848399931372,0,0
975,69.69546118168347,19.368515752734574,56.40864622815811,15.34910701188091,0,0
976,8.744335433892667,14.974529444287189,32.421611131566415,18.50906288408264,0,1
977,-68.54119489798957,11.278623259475378,40.148386559006696,10.124509735445537,0,0
978,7.321393775570573,16.592757387747508,39.148657597997214,7.6535356165887425,0,0
979,8.572944495798456,21.305397506755064,17.70044322242156,12.802844425962801,1,1
980,-18.113110768835377,15.931083345219609,39.02065791564615,3.3470199171913873,0,0
981,64.41581954445321,12.869681039836891,31.983536280596205,12.448979594199646,0,0
982,-46.846970272015206,16.84487979161593,30.884417245434342,13.990861070377008,0,0
983,18.65835624744651,27.76403378181247,50.46146028479234,15.614885886604963,1,0
984,47.934946618342344,22.925614486266976,41.09722391531092,13.116964875917686,1,1
985,34.17179854745105,14.3519825778114,34.09303909103822,15.805240726322957,0,0
986,30.478278269090563,24.230345478865324,34.145142233478396,15.004921497642867,1,1
987,-7.28243801653732,5.272632425086254,37.29856511891608,21.73328056182329,1,1
988,41.35228887416461,17.66771583651099,29.727154224368757,16.120500890196933,0,0
989,-38.64670166859791,16.211232997555992,44.88370433475806,15.153790229341526,0,0
990,-15.516206297208985,20.0445906778168,24.746455639843873,22.060576176985823,1,0
991,61.73223112687406,12.705713008026118,32.817189281283426,13.062940371215959,0,0
992,24.16635945356989,13.84653167659823,32.987196456867025,15.223225463817359,0,0
993,10.634023419718245,9.842472782055815,39.554034816942135,11.345870912979134,0,0
994,-15.286148038260105,9.367400760814697,27.801405871545043,20.568853140685214,1,1
995,-66.02886836788178,14.062451252126364,49.414772153251164,12.738394506729492,0,0
996,-81.45599136400998,10.096550905821264,52.623615891798536,8.246999239717729,0,0
997,-42.08435237262129,20.264884871684135,11.378535306715818,15.413302983531578,1,1
998,-22.28795929392252,13.363889912818069,52.553626409160486,12.987949939608942,0,0
999,38.34102393537477,9.427211313997383,29.793640418017628,10.169905185284861,0,0
